,證券代號,證券名稱,殖利率(%),股利年度,本益比,股價淨值比,財報年/季,Date
0,1101,台泥,6.82,109,12.27,1.48,110/1,2024-01-04
1,1102,亞泥,7.02,109,9.90,1.13,110/1,2024-01-04
2,1103,嘉泥,6.39,109,7.63,0.56,110/1,2024-01-04
3,1104,環泥,4.85,109,10.37,0.79,110/1,2024-01-04
4,1108,幸福,5.05,109,15.92,1.26,110/1,2024-01-04
5,1109,信大,5.75,109,7.46,1.15,110/1,2024-01-04
6,1110,東泥,0.64,109,130.42,1.05,110/1,2024-01-04
7,1201,味全,2.45,109,18.46,1.65,110/1,2024-01-04
8,1203,味王,3.13,109,18.90,1.59,110/1,2024-01-04
9,1210,大成,5.21,109,13.46,2.41,110/1,2024-01-04
10,1213,大飲,0.0,108,-,0.96,110/1,2024-01-04
11,1215,卜蜂,5.6,109,11.90,2.44,110/1,2024-01-04
12,1216,統一,3.68,109,18.51,3.49,110/1,2024-01-04
13,1217,愛之味,0.0,108,21.70,0.93,110/1,2024-01-04
14,1218,泰山,4.83,109,15.85,1.96,110/1,2024-01-04
15,1219,福壽,4.11,109,13.45,1.69,110/1,2024-01-04
16,1220,台榮,5.78,109,13.41,1.26,110/1,2024-01-04
17,1225,福懋油,3.06,109,20.07,2.86,110/1,2024-01-04
18,1227,佳格,4.66,109,15.39,2.66,110/1,2024-01-04
19,1229,聯華,5.64,109,14.78,1.89,110/1,2024-01-04
20,1231,聯華食,4.28,109,14.41,2.63,110/1,2024-01-04
21,1232,大統益,3.59,109,17.65,5.3,110/1,2024-01-04
22,1233,天仁,2.31,109,47.53,2.11,110/1,2024-01-04
23,1234,黑松,5.14,109,15.35,0.77,110/1,2024-01-04
24,1235,興泰,4.37,109,50.44,0.86,110/1,2024-01-04
25,1236,宏亞,1.25,109,36.36,1.05,110/1,2024-01-04
26,1256,鮮活果汁-KY,2.74,109,15.36,5.26,110/1,2024-01-04
27,1301,台塑,2.33,109,18.53,1.83,110/1,2024-01-04
28,1303,南亞,2.83,109,15.88,1.83,110/1,2024-01-04
29,1304,台聚,2.76,109,11.29,1.73,110/1,2024-01-04
30,1305,華夏,6.3,109,9.41,1.91,110/1,2024-01-04
31,1307,三芳,2.18,109,28.69,1.16,110/1,2024-01-04
32,1308,亞聚,4.31,109,12.50,1.45,110/1,2024-01-04
33,1309,台達化,7.07,109,6.45,2.12,110/1,2024-01-04
34,1310,台苯,2.37,109,13.27,1.46,110/1,2024-01-04
35,1312,國喬,0.33,109,4.62,0.91,110/1,2024-01-04
36,1313,聯成,3.75,109,8.08,1.35,110/1,2024-01-04
37,1314,中石化,2.24,108,32.68,0.62,110/1,2024-01-04
38,1315,達新,10.54,109,1.86,0.84,110/1,2024-01-04
39,1316,上曜,0.0,108,36.13,1.06,110/1,2024-01-04
40,1319,東陽,2.38,109,28.72,0.91,110/1,2024-01-04
41,1321,大洋,2.75,109,12.10,1.1,110/1,2024-01-04
42,1323,永裕,4.69,109,11.02,1.46,110/1,2024-01-04
43,1324,地球,2.75,109,155.71,0.85,110/1,2024-01-04
44,1325,恆大,12.99,109,3.92,2.03,110/1,2024-01-04
45,1326,台化,2.92,109,13.52,1.36,110/1,2024-01-04
46,1337,再生-KY,0.0,108,-,0.38,110/1,2024-01-04
47,1338,廣華-KY,5.47,109,12.70,0.83,110/1,2024-01-04
48,1339,昭輝,5.3,109,26.40,0.79,110/1,2024-01-04
49,1340,勝悅-KY,0.0,108,-,0.32,110/1,2024-01-04
50,1341,富林-KY,7.59,109,11.19,2.91,110/1,2024-01-04
51,1342,八貫,4.74,109,19.03,2.37,110/1,2024-01-04
52,1402,遠東新,4.29,109,18.21,0.82,110/1,2024-01-04
53,1409,新纖,5.06,109,9.98,1.14,110/1,2024-01-04
54,1410,南染,2.6,109,36.09,1.97,110/1,2024-01-04
55,1413,宏洲,0.0,108,-,1.53,110/1,2024-01-04
56,1414,東和,1.37,109,41.36,1.26,110/1,2024-01-04
57,1416,廣豐,4.46,109,-,0.59,110/1,2024-01-04
58,1417,嘉裕,1.9,109,-,1.12,110/1,2024-01-04
59,1418,東華,0.0,108,-,2.43,110/1,2024-01-04
60,1419,新紡,2.53,109,28.45,1.29,110/1,2024-01-04
61,1423,利華,8.45,109,7.03,0.97,110/1,2024-01-04
62,1432,大魯閣,29.09,108,72.37,1.3,110/1,2024-01-04
63,1434,福懋,3.18,109,22.75,0.85,110/1,2024-01-04
64,1435,中福,0.0,108,-,3.0,110/1,2024-01-04
65,1436,華友聯,5.01,109,16.93,1.37,110/1,2024-01-04
66,1437,勤益控,2.79,109,11.11,0.8,110/1,2024-01-04
67,1438,三地開發,0.0,108,-,2.86,110/1,2024-01-04
68,1439,雋揚,20.0,108,-,1.0,110/1,2024-01-04
69,1440,南紡,1.22,109,24.41,1.84,110/1,2024-01-04
70,1441,大東,0.0,108,-,1.44,110/1,2024-01-04
71,1442,名軒,2.91,109,46.49,1.13,110/1,2024-01-04
72,1443,立益物流,0.0,108,-,1.64,110/1,2024-01-04
73,1444,力麗,0.0,108,-,1.18,110/1,2024-01-04
74,1445,大宇,1.65,109,-,1.0,110/1,2024-01-04
75,1446,宏和,0.91,109,366.67,2.88,110/1,2024-01-04
76,1447,力鵬,0.0,108,-,1.12,110/1,2024-01-04
77,1449,佳和,0.0,108,-,1.4,110/1,2024-01-04
78,1451,年興,2.84,109,-,0.54,110/1,2024-01-04
79,1452,宏益,2.63,109,15.47,1.31,110/1,2024-01-04
80,1453,大將,2.12,108,12.90,0.74,110/1,2024-01-04
81,1454,台富,1.95,109,-,0.8,110/1,2024-01-04
82,1455,集盛,1.21,109,24.31,1.91,110/1,2024-01-04
83,1456,怡華,0.0,108,9.33,1.29,110/1,2024-01-04
84,1457,宜進,7.81,109,5.66,0.91,110/1,2024-01-04
85,1459,聯發,0.0,108,15.15,1.62,110/1,2024-01-04
86,1460,宏遠,0.0,109,-,1.42,110/1,2024-01-04
87,1463,強盛,1.82,109,56.90,1.25,110/1,2024-01-04
88,1464,得力,1.72,109,-,1.4,110/1,2024-01-04
89,1465,偉全,2.3,109,-,0.79,110/1,2024-01-04
90,1466,聚隆,0.0,108,22.47,1.31,110/1,2024-01-04
91,1467,南緯,3.94,109,13.76,1.31,110/1,2024-01-04
92,1468,昶和,0.0,108,36.67,1.58,110/1,2024-01-04
93,1470,大統新創,2.63,109,55.00,1.45,110/1,2024-01-04
94,1471,首利,0.0,108,3.23,1.43,110/1,2024-01-04
95,1472,三洋實業,0.0,108,-,3.68,110/1,2024-01-04
96,1473,台南,1.1,109,-,0.8,110/1,2024-01-04
97,1474,弘裕,2.4,109,14.52,1.08,110/1,2024-01-04
98,1475,業旺,0.0,108,166.67,6.27,110/1,2024-01-04
99,1476,儒鴻,1.76,109,34.82,8.35,110/1,2024-01-04
100,1477,聚陽,3.04,109,27.97,5.41,110/1,2024-01-04
101,1503,士電,3.1,109,15.98,1.04,110/1,2024-01-04
102,1504,東元,3.53,109,16.55,0.98,110/1,2024-01-04
103,1506,正道,0.0,108,-,1.9,110/1,2024-01-04
104,1507,永大,3.08,109,18.22,2.09,110/1,2024-01-04
105,1512,瑞利,0.0,108,-,7.43,110/1,2024-01-04
106,1513,中興電,4.52,109,11.17,2.02,110/1,2024-01-04
107,1514,亞力,5.02,109,15.52,1.53,110/1,2024-01-04
108,1515,力山,4.52,109,13.72,4.25,110/1,2024-01-04
109,1516,川飛,3.45,109,30.63,1.82,110/1,2024-01-04
110,1517,利奇,1.41,109,16.39,1.64,110/1,2024-01-04
111,1519,華城,3.13,109,23.50,3.38,110/1,2024-01-04
112,1521,大億,2.93,109,28.95,1.9,110/1,2024-01-04
113,1522,堤維西,2.82,109,23.93,1.01,110/1,2024-01-04
114,1524,耿鼎,2.12,109,62.00,0.74,110/1,2024-01-04
115,1525,江申,3.24,109,12.62,1.14,110/1,2024-01-04
116,1526,日馳,3.64,109,14.15,2.49,110/1,2024-01-04
117,1527,鑽全,4.81,109,15.83,1.59,110/1,2024-01-04
118,1528,恩德,1.0,109,-,0.93,110/1,2024-01-04
119,1529,樂事綠能,2.96,109,28.64,1.51,110/1,2024-01-04
120,1530,亞崴,7.12,109,45.58,1.08,110/1,2024-01-04
121,1531,高林股,1.36,109,-,0.76,110/1,2024-01-04
122,1532,勤美,3.14,109,15.64,1.02,110/1,2024-01-04
123,1533,車王電,0.91,108,65.24,2.19,110/1,2024-01-04
124,1535,中宇,3.6,109,18.14,1.52,110/1,2024-01-04
125,1536,和大,1.17,109,132.39,3.03,110/1,2024-01-04
126,1537,廣隆,6.85,109,13.37,2.83,110/1,2024-01-04
127,1538,正峰,0.0,108,-,2.37,110/1,2024-01-04
128,1539,巨庭,4.41,108,-,0.94,110/1,2024-01-04
129,1540,喬福,3.16,109,-,0.99,110/1,2024-01-04
130,1541,錩泰,5.79,109,9.90,2.27,110/1,2024-01-04
131,1558,伸興,5.85,109,9.43,1.85,110/1,2024-01-04
132,1560,中砂,4.28,109,17.44,2.02,110/1,2024-01-04
133,1568,倉佑,1.21,109,88.39,1.74,110/1,2024-01-04
134,1582,信錦,6.0,109,10.75,1.72,110/1,2024-01-04
135,1583,程泰,4.72,109,25.81,1.4,110/1,2024-01-04
136,1587,吉茂,7.08,109,9.64,1.52,110/1,2024-01-04
137,1589,永冠-KY,2.08,109,10.62,0.91,110/1,2024-01-04
138,1590,亞德客-KY,0.95,109,30.88,8.25,110/1,2024-01-04
139,1592,英瑞-KY,0.0,108,-,0.61,110/1,2024-01-04
140,1597,直得,1.49,109,36.02,3.95,110/1,2024-01-04
141,1598,岱宇,7.85,109,7.65,3.11,110/1,2024-01-04
142,1603,華電,1.55,109,13.11,0.92,110/1,2024-01-04
143,1604,聲寶,8.45,109,5.91,1.38,110/1,2024-01-04
144,1605,華新,3.52,109,10.36,0.93,110/1,2024-01-04
145,1608,華榮,2.6,109,5.06,1.48,110/1,2024-01-04
146,1609,大亞,2.46,109,14.62,2.04,110/1,2024-01-04
147,1611,中電,2.65,109,41.85,0.86,110/1,2024-01-04
148,1612,宏泰,4.53,109,11.23,1.51,110/1,2024-01-04
149,1614,三洋電,2.81,109,23.12,1.71,110/1,2024-01-04
150,1615,大山,6.04,109,13.85,2.34,110/1,2024-01-04
151,1616,億泰,0.0,108,71.92,1.17,110/1,2024-01-04
152,1617,榮星,3.17,109,15.16,1.49,110/1,2024-01-04
153,1618,合機,1.91,109,11.89,0.79,110/1,2024-01-04
154,1626,艾美特-KY,4.05,109,19.76,1.12,110/1,2024-01-04
155,1701,中化,4.25,109,12.20,1.0,110/1,2024-01-04
156,1702,南僑,3.74,109,11.48,2.13,110/1,2024-01-04
157,1707,葡萄王,3.81,109,20.05,2.81,110/1,2024-01-04
158,1708,東鹼,6.53,109,31.67,1.12,110/1,2024-01-04
159,1709,和益,5.84,109,13.70,1.32,110/1,2024-01-04
160,1710,東聯,1.36,108,-,1.52,110/1,2024-01-04
161,1711,永光,1.57,109,38.98,1.25,110/1,2024-01-04
162,1712,興農,5.88,109,9.82,1.38,110/1,2024-01-04
163,1713,國化,2.72,109,33.29,1.52,110/1,2024-01-04
164,1714,和桐,5.93,109,6.24,0.94,110/1,2024-01-04
165,1717,長興,3.58,109,16.48,2.21,110/1,2024-01-04
166,1718,中纖,4.57,109,9.20,0.61,110/1,2024-01-04
167,1720,生達,4.66,109,11.27,1.63,110/1,2024-01-04
168,1721,三晃,5.06,109,3.67,0.75,110/1,2024-01-04
169,1722,台肥,4.07,109,27.43,1.06,110/1,2024-01-04
170,1723,中碳,2.57,109,32.83,3.71,110/1,2024-01-04
171,1724,台硝,1.58,109,-,1.06,110/1,2024-01-04
172,1725,元禎,4.44,109,13.50,1.14,110/1,2024-01-04
173,1726,永記,4.77,109,12.74,1.31,110/1,2024-01-04
174,1727,中華化,1.4,108,67.86,1.18,110/1,2024-01-04
175,1730,花仙子,5.6,109,12.17,2.4,110/1,2024-01-04
176,1731,美吾華,4.83,109,15.22,1.4,110/1,2024-01-04
177,1732,毛寶,1.24,109,53.73,3.44,110/1,2024-01-04
178,1733,五鼎,4.57,109,20.38,1.42,110/1,2024-01-04
179,1734,杏輝,0.64,109,-,1.98,110/1,2024-01-04
180,1735,日勝化,2.7,109,43.14,1.24,110/1,2024-01-04
181,1736,喬山,1.41,109,24.09,2.61,110/1,2024-01-04
182,1737,臺鹽,4.17,109,16.09,1.02,110/1,2024-01-04
183,1760,寶齡富錦,0.6,109,3900.00,7.71,110/1,2024-01-04
184,1762,中化生,2.33,109,8.28,1.9,110/1,2024-01-04
185,1773,勝一,3.57,109,18.14,3.79,110/1,2024-01-04
186,1776,展宇,5.63,109,22.19,1.24,110/1,2024-01-04
187,1783,和康生,2.31,109,32.41,2.76,110/1,2024-01-04
188,1786,科妍,3.4,109,27.91,2.28,110/1,2024-01-04
189,1789,神隆,1.85,109,62.79,1.98,110/1,2024-01-04
190,1795,美時,0.39,109,16.46,2.43,110/1,2024-01-04
191,1802,台玻,1.45,109,19.69,2.21,110/1,2024-01-04
192,1805,寶徠,0.0,108,-,2.32,110/1,2024-01-04
193,1806,冠軍,0.0,108,-,1.07,110/1,2024-01-04
194,1808,潤隆,0.72,109,29.26,3.77,110/1,2024-01-04
195,1809,中釉,1.38,109,-,0.83,110/1,2024-01-04
196,1810,和成,1.72,109,58.25,0.71,110/1,2024-01-04
197,1817,凱撒衛,5.33,109,11.30,1.52,110/1,2024-01-04
198,1903,士紙,0.0,108,1362.50,3.96,110/1,2024-01-04
199,1904,正隆,3.99,109,12.29,1.87,110/1,2024-01-04
200,1905,華紙,0.0,108,2775.00,2.01,110/1,2024-01-04
201,1906,寶隆,1.97,109,30.83,0.45,110/1,2024-01-04
202,1907,永豐餘,3.3,109,12.32,1.66,110/1,2024-01-04
203,1909,榮成,2.33,109,25.29,1.26,110/1,2024-01-04
204,2002,中鋼,0.83,109,45.13,1.82,110/1,2024-01-04
205,2006,東和鋼鐵,3.11,109,11.50,1.77,110/1,2024-01-04
206,2007,燁興,0.0,108,-,1.02,110/1,2024-01-04
207,2008,高興昌,0.0,108,187.50,1.32,110/1,2024-01-04
208,2009,第一銅,1.26,109,57.55,4.85,110/1,2024-01-04
209,2010,春源,2.87,109,19.00,1.27,110/1,2024-01-04
210,2012,春雨,2.3,109,21.57,1.99,110/1,2024-01-04
211,2013,中鋼構,6.71,109,12.54,1.61,110/1,2024-01-04
212,2014,中鴻,0.64,109,28.54,3.93,110/1,2024-01-04
213,2015,豐興,4.76,109,15.40,2.1,110/1,2024-01-04
214,2017,官田鋼,0.9,109,32.57,1.76,110/1,2024-01-04
215,2020,美亞,4.9,109,10.64,2.2,110/1,2024-01-04
216,2022,聚亨,0.0,108,71.19,1.7,110/1,2024-01-04
217,2023,燁輝,0.0,108,20.09,1.57,110/1,2024-01-04
218,2024,志聯,1.45,109,29.74,1.44,110/1,2024-01-04
219,2025,千興,0.0,108,-,2.37,110/1,2024-01-04
220,2027,大成鋼,1.75,109,67.28,2.38,110/1,2024-01-04
221,2028,威致,0.0,108,15.67,4.06,110/1,2024-01-04
222,2029,盛餘,1.38,109,22.07,1.3,110/1,2024-01-04
223,2030,彰源,2.19,109,22.62,1.59,110/1,2024-01-04
224,2031,新光鋼,3.14,109,12.62,2.33,110/1,2024-01-04
225,2032,新鋼,2.67,109,21.58,1.47,110/1,2024-01-04
226,2033,佳大,1.72,109,69.60,1.34,110/1,2024-01-04
227,2034,允強,4.93,109,27.94,1.53,110/1,2024-01-04
228,2038,海光,1.22,109,33.93,2.38,110/1,2024-01-04
229,2049,上銀,0.6,109,49.04,4.55,110/1,2024-01-04
230,2059,川湖,1.57,109,32.62,3.22,110/1,2024-01-04
231,2062,橋椿,0.36,109,48.77,0.87,110/1,2024-01-04
232,2069,運錩,1.96,109,19.05,1.28,110/1,2024-01-04
233,2101,南港,2.47,109,26.19,2.95,110/1,2024-01-04
234,2102,泰豐,0.06,109,-,2.03,110/1,2024-01-04
235,2103,台橡,1.04,109,35.10,1.9,110/1,2024-01-04
236,2104,國際中橡,0.39,109,20.73,0.8,110/1,2024-01-04
237,2105,正新,2.55,109,15.56,1.87,110/1,2024-01-04
238,2106,建大,2.51,109,16.60,1.92,110/1,2024-01-04
239,2107,厚生,6.13,109,9.70,0.72,110/1,2024-01-04
240,2108,南帝,2.92,109,11.49,5.83,110/1,2024-01-04
241,2109,華豐,0.0,108,11.96,1.71,110/1,2024-01-04
242,2114,鑫永銓,4.82,109,16.34,3.33,110/1,2024-01-04
243,2115,六暉-KY,5.41,109,6.36,1.49,110/1,2024-01-04
244,2201,裕隆,2.54,109,9.96,0.78,110/1,2024-01-04
245,2204,中華,9.82,109,9.99,0.91,110/1,2024-01-04
246,2206,三陽工業,4.52,109,11.98,1.49,110/1,2024-01-04
247,2207,和泰車,2.99,109,20.16,5.06,110/1,2024-01-04
248,2208,台船,0.0,108,-,1.66,110/1,2024-01-04
249,2211,長榮鋼,4.24,109,20.60,1.33,110/1,2024-01-04
250,2227,裕日車,6.97,109,11.13,3.56,110/1,2024-01-04
251,2228,劍麟,1.52,109,52.20,1.4,110/1,2024-01-04
252,2231,為升,0.63,109,65.97,6.9,110/1,2024-01-04
253,2233,宇隆,3.02,109,17.49,2.56,110/1,2024-01-04
254,2236,百達-KY,1.52,109,19.92,0.96,110/1,2024-01-04
255,2239,英利-KY,2.11,109,14.15,0.93,110/1,2024-01-04
256,2241,艾姆勒,1.14,109,-,2.63,110/1,2024-01-04
257,2243,宏旭-KY,0.0,108,-,0.81,110/1,2024-01-04
258,2247,汎德永業,4.98,109,14.18,1.53,110/1,2024-01-04
259,2250,IKKA-KY,1.94,109,26.10,4.07,110/1,2024-01-04
260,2301,光寶科,5.21,109,11.94,2.15,110/1,2024-01-04
261,2302,麗正,1.74,109,22.63,1.69,110/1,2024-01-04
262,2303,聯電,3.16,109,16.79,2.52,110/1,2024-01-04
263,2305,全友,0.0,108,55.13,0.82,110/1,2024-01-04
264,2308,台達電,1.86,109,25.54,4.98,110/1,2024-01-04
265,2312,金寶,2.25,109,102.69,1.18,110/1,2024-01-04
266,2313,華通,3.92,109,9.77,1.52,110/1,2024-01-04
267,2314,台揚,0.0,108,-,4.57,110/1,2024-01-04
268,2316,楠梓電,5.23,109,11.81,0.69,110/1,2024-01-04
269,2317,鴻海,3.65,109,11.86,1.19,110/1,2024-01-04
270,2321,東訊,0.0,108,-,2.69,110/1,2024-01-04
271,2323,中環,6.9,109,9.67,0.63,110/1,2024-01-04
272,2324,仁寶,6.97,109,8.79,0.97,110/1,2024-01-04
273,2327,國巨,2.02,109,15.71,3.33,110/1,2024-01-04
274,2328,廣宇,1.69,109,24.46,1.72,110/1,2024-01-04
275,2329,華泰,0.74,108,-,1.91,110/1,2024-01-04
276,2330,台積電,1.71,109,28.11,7.84,110/1,2024-01-04
277,2331,精英,4.31,109,386.67,1.21,110/1,2024-01-04
278,2332,友訊,1.55,109,9.35,1.36,110/1,2024-01-04
279,2337,旺宏,2.83,109,15.63,2.1,110/1,2024-01-04
280,2338,光罩,1.75,109,14.26,4.52,110/1,2024-01-04
281,2340,台亞,5.13,109,14.34,1.38,110/1,2024-01-04
282,2342,茂矽,1.54,109,13.67,2.29,110/1,2024-01-04
283,2344,華邦電,0.61,109,43.93,1.92,110/1,2024-01-04
284,2345,智邦,2.26,109,31.24,10.29,110/1,2024-01-04
285,2347,聯強,6.1,109,10.15,1.74,110/1,2024-01-04
286,2348,海悅,8.52,109,5.40,2.42,110/1,2024-01-04
287,2349,錸德,0.0,108,-,1.12,110/1,2024-01-04
288,2351,順德,1.96,109,34.46,2.86,110/1,2024-01-04
289,2352,佳世達,5.02,109,8.57,1.51,110/1,2024-01-04
290,2353,宏碁,4.83,109,11.33,1.59,110/1,2024-01-04
291,2354,鴻準,2.84,109,17.23,0.74,110/1,2024-01-04
292,2355,敬鵬,1.72,109,-,0.76,110/1,2024-01-04
293,2356,英業達,7.34,109,15.95,1.72,110/1,2024-01-04
294,2357,華碩,6.74,109,8.09,1.32,110/1,2024-01-04
295,2358,廷鑫,0.72,109,347.50,1.07,110/1,2024-01-04
296,2359,所羅門,2.92,109,50.44,0.66,110/1,2024-01-04
297,2360,致茂,2.27,109,20.27,5.02,110/1,2024-01-04
298,2362,藍天,2.0,109,15.15,0.44,110/1,2024-01-04
299,2363,矽統,7.29,109,-,0.75,110/1,2024-01-04
300,2364,倫飛,0.0,108,19.75,2.27,110/1,2024-01-04
301,2365,昆盈,2.49,109,15.06,0.9,110/1,2024-01-04
302,2367,燿華,3.72,108,-,1.22,110/1,2024-01-04
303,2368,金像電,2.63,109,13.64,3.13,110/1,2024-01-04
304,2369,菱生,0.0,108,-,1.39,110/1,2024-01-04
305,2371,大同,0.0,108,-,1.68,110/1,2024-01-04
306,2373,震旦行,6.59,109,13.22,2.58,110/1,2024-01-04
307,2374,佳能,3.24,109,-,0.78,110/1,2024-01-04
308,2375,凱美,1.94,109,20.08,1.74,110/1,2024-01-04
309,2376,技嘉,4.41,109,11.18,2.35,110/1,2024-01-04
310,2377,微星,3.61,109,13.12,3.61,110/1,2024-01-04
311,2379,瑞昱,2.81,109,24.86,7.67,110/1,2024-01-04
312,2380,虹光,0.0,108,-,2.18,110/1,2024-01-04
313,2382,廣達,6.11,109,10.99,2.1,110/1,2024-01-04
314,2383,台光電,3.91,109,15.20,3.38,110/1,2024-01-04
315,2385,群光,7.13,109,7.74,2.09,110/1,2024-01-04
316,2387,精元,3.61,109,7.13,1.4,110/1,2024-01-04
317,2388,威盛,1.6,109,3.88,2.27,110/1,2024-01-04
318,2390,云辰,0.0,108,3.94,1.52,110/1,2024-01-04
319,2392,正崴,6.25,109,9.83,0.82,110/1,2024-01-04
320,2393,億光,4.65,109,13.15,1.19,110/1,2024-01-04
321,2395,研華,2.17,109,32.07,8.04,110/1,2024-01-04
322,2397,友通,4.62,109,22.81,2.47,110/1,2024-01-04
323,2399,映泰,1.41,109,21.19,2.28,110/1,2024-01-04
324,2401,凌陽,1.64,109,28.54,2.2,110/1,2024-01-04
325,2402,毅嘉,2.82,109,34.71,0.95,110/1,2024-01-04
326,2404,漢唐,7.33,109,10.96,5.86,110/1,2024-01-04
327,2405,輔信,0.0,108,42.67,1.29,110/1,2024-01-04
328,2406,國碩,0.0,108,17.99,1.83,110/1,2024-01-04
329,2408,南亞科,1.68,109,28.18,1.51,110/1,2024-01-04
330,2409,友達,1.26,109,11.20,1.19,110/1,2024-01-04
331,2412,中華電,3.78,109,26.09,2.29,110/1,2024-01-04
332,2413,環科,0.0,108,83.46,1.69,110/1,2024-01-04
333,2414,精技,6.22,109,11.58,1.61,110/1,2024-01-04
334,2415,錩新,1.26,109,35.81,2.18,110/1,2024-01-04
335,2417,圓剛,4.79,109,5.89,1.91,110/1,2024-01-04
336,2419,仲琦,4.9,109,21.03,1.31,110/1,2024-01-04
337,2420,新巨,6.81,109,12.65,1.72,110/1,2024-01-04
338,2421,建準,5.36,109,13.25,2.41,110/1,2024-01-04
339,2423,固緯,5.0,109,17.14,1.58,110/1,2024-01-04
340,2424,隴華,0.0,108,-,4.65,110/1,2024-01-04
341,2425,承啟,1.63,109,15.15,1.64,110/1,2024-01-04
342,2426,鼎元,2.88,109,12.77,2.07,110/1,2024-01-04
343,2427,三商電,2.69,109,15.49,0.92,110/1,2024-01-04
344,2428,興勤,3.38,109,13.07,2.71,110/1,2024-01-04
345,2429,銘旺科,0.0,108,-,2.46,110/1,2024-01-04
346,2430,燦坤,4.7,109,14.47,1.11,110/1,2024-01-04
347,2431,聯昌,1.75,109,7.57,1.01,110/1,2024-01-04
348,2433,互盛電,6.74,109,13.73,1.76,110/1,2024-01-04
349,2434,統懋,0.0,108,92.68,2.55,110/1,2024-01-04
350,2436,偉詮電,2.21,109,19.54,3.69,110/1,2024-01-04
351,2438,翔耀,0.0,108,130.00,1.07,110/1,2024-01-04
352,2439,美律,4.91,109,16.96,2.08,110/1,2024-01-04
353,2440,太空梭,0.0,108,8.69,1.89,110/1,2024-01-04
354,2441,超豐,4.35,109,13.28,2.13,110/1,2024-01-04
355,2442,新美齊,3.0,109,7.04,0.71,110/1,2024-01-04
356,2443,昶虹,0.0,108,-,0.96,110/1,2024-01-04
357,2444,兆勁,0.0,108,-,1.56,110/1,2024-01-04
358,2449,京元電子,4.79,109,13.13,1.66,110/1,2024-01-04
359,2450,神腦,4.58,109,16.88,1.39,110/1,2024-01-04
360,2451,創見,4.25,109,23.82,1.72,110/1,2024-01-04
361,2453,凌群,5.8,109,13.75,1.34,110/1,2024-01-04
362,2454,聯發科,3.83,109,25.18,3.72,110/1,2024-01-04
363,2455,全新,2.19,109,35.44,6.98,110/1,2024-01-04
364,2456,奇力新,2.1,109,14.31,0.99,110/1,2024-01-04
365,2457,飛宏,0.0,108,-,2.46,110/1,2024-01-04
366,2458,義隆,4.3,109,14.23,5.98,110/1,2024-01-04
367,2459,敦吉,6.1,109,11.61,1.34,110/1,2024-01-04
368,2460,建通,0.0,108,56.11,2.63,110/1,2024-01-04
369,2461,光群雷,4.6,109,12.34,1.24,110/1,2024-01-04
370,2462,良得電,2.54,109,39.38,1.75,110/1,2024-01-04
371,2464,盟立,4.49,109,17.00,2.06,110/1,2024-01-04
372,2465,麗臺,0.0,108,35.99,9.93,110/1,2024-01-04
373,2466,冠西電,0.0,109,295.45,3.19,110/1,2024-01-04
374,2467,志聖,5.18,109,15.37,2.89,110/1,2024-01-04
375,2468,華經,2.93,109,29.67,0.83,110/1,2024-01-04
376,2471,資通,5.77,109,11.56,1.57,110/1,2024-01-04
377,2472,立隆電,4.74,109,12.79,1.76,110/1,2024-01-04
378,2474,可成,6.74,109,6.88,0.84,110/1,2024-01-04
379,2476,鉅祥,3.56,109,14.30,1.3,110/1,2024-01-04
380,2477,美隆電,4.53,109,3.86,1.41,110/1,2024-01-04
381,2478,大毅,4.39,109,14.49,1.62,110/1,2024-01-04
382,2480,敦陽科,6.13,109,14.57,2.96,110/1,2024-01-04
383,2481,強茂,2.65,109,17.28,2.72,110/1,2024-01-04
384,2482,連宇,0.0,108,-,0.97,110/1,2024-01-04
385,2483,百容,3.41,109,93.18,0.96,110/1,2024-01-04
386,2484,希華,3.35,109,23.50,1.39,110/1,2024-01-04
387,2485,兆赫,0.0,108,-,0.93,110/1,2024-01-04
388,2486,一詮,0.0,108,748.75,2.08,110/1,2024-01-04
389,2488,漢平,5.09,109,10.12,1.13,110/1,2024-01-04
390,2489,瑞軒,0.75,109,2.46,0.82,110/1,2024-01-04
391,2491,吉祥全,1.38,109,12.61,1.96,110/1,2024-01-04
392,2492,華新科,2.92,109,12.55,2.42,110/1,2024-01-04
393,2493,揚博,6.64,109,15.24,2.0,110/1,2024-01-04
394,2495,普安,1.49,109,25.25,1.38,110/1,2024-01-04
395,2496,卓越,7.94,109,16.88,1.3,110/1,2024-01-04
396,2497,怡利電,0.0,108,-,2.54,110/1,2024-01-04
397,2498,宏達電,0.0,108,-,1.05,110/1,2024-01-04
398,2501,國建,5.06,109,13.91,0.93,110/1,2024-01-04
399,2504,國產,5.95,109,10.86,1.42,110/1,2024-01-04
400,2505,國揚,8.18,109,2.19,1.22,110/1,2024-01-04
401,2506,太設,3.92,109,23.72,0.53,110/1,2024-01-04
402,2509,全坤建,7.81,109,17.14,0.93,110/1,2024-01-04
403,2511,太子,3.39,109,11.68,0.75,110/1,2024-01-04
404,2514,龍邦,0.0,108,4.10,0.66,110/1,2024-01-04
405,2515,中工,2.55,109,19.61,0.68,110/1,2024-01-04
406,2516,新建,0.0,108,-,0.77,110/1,2024-01-04
407,2520,冠德,9.37,109,4.99,1.13,110/1,2024-01-04
408,2524,京城,0.0,108,7.75,0.85,110/1,2024-01-04
409,2527,宏璟,6.13,109,10.73,0.64,110/1,2024-01-04
410,2528,皇普,0.0,108,-,1.86,110/1,2024-01-04
411,2530,華建,0.74,108,-,1.14,110/1,2024-01-04
412,2534,宏盛,4.98,109,17.33,0.72,110/1,2024-01-04
413,2535,達欣工,7.4,109,8.83,1.45,110/1,2024-01-04
414,2536,宏普,5.49,109,14.47,0.6,110/1,2024-01-04
415,2537,聯上發,4.4,109,26.74,0.68,110/1,2024-01-04
416,2538,基泰,5.08,109,-,0.68,110/1,2024-01-04
417,2539,櫻花建,5.11,109,25.66,2.26,110/1,2024-01-04
418,2540,愛山林,1.44,109,9.76,1.83,110/1,2024-01-04
419,2542,興富發,4.79,109,9.62,1.62,110/1,2024-01-04
420,2543,皇昌,0.0,108,54.29,0.9,110/1,2024-01-04
421,2545,皇翔,10.83,109,7.41,1.17,110/1,2024-01-04
422,2546,根基,7.52,109,7.72,1.56,110/1,2024-01-04
423,2547,日勝生,5.59,109,15.63,0.85,110/1,2024-01-04
424,2548,華固,8.06,109,8.52,1.53,110/1,2024-01-04
425,2597,潤弘,7.29,109,14.60,3.88,110/1,2024-01-04
426,2601,益航,9.52,108,-,1.11,110/1,2024-01-04
427,2603,長榮,2.16,109,9.95,4.4,110/1,2024-01-04
428,2605,新興,1.91,109,93.57,1.07,110/1,2024-01-04
429,2606,裕民,2.18,109,29.00,1.97,110/1,2024-01-04
430,2607,榮運,1.33,109,35.23,1.0,110/1,2024-01-04
431,2608,嘉里大榮,2.6,109,20.03,2.85,110/1,2024-01-04
432,2609,陽明,0.0,109,10.09,6.09,110/1,2024-01-04
433,2610,華航,0.0,108,35.47,1.81,110/1,2024-01-04
434,2611,志信,0.0,108,29.49,1.09,110/1,2024-01-04
435,2612,中航,3.57,109,16.19,0.88,110/1,2024-01-04
436,2613,中櫃,0.76,109,68.95,1.17,110/1,2024-01-04
437,2614,東森,3.61,109,23.56,2.1,110/1,2024-01-04
438,2615,萬海,1.25,109,13.69,5.98,110/1,2024-01-04
439,2616,山隆,6.04,109,12.53,0.95,110/1,2024-01-04
440,2617,台航,2.11,109,35.04,1.59,110/1,2024-01-04
441,2618,長榮航,1.23,108,-,1.45,110/1,2024-01-04
442,2630,亞航,1.51,109,28.73,1.54,110/1,2024-01-04
443,2633,台灣高鐵,3.58,109,27.18,2.31,110/1,2024-01-04
444,2634,漢翔,0.68,109,365.00,2.01,110/1,2024-01-04
445,2636,台驊投控,2.56,109,17.12,4.02,110/1,2024-01-04
446,2637,慧洋-KY,2.24,109,44.30,1.72,110/1,2024-01-04
447,2642,宅配通,2.22,109,35.84,3.45,110/1,2024-01-04
448,2701,萬企,2.04,109,42.24,0.73,110/1,2024-01-04
449,2702,華園,0.0,108,-,2.58,110/1,2024-01-04
450,2704,國賓,0.0,108,472.50,0.93,110/1,2024-01-04
451,2705,六福,0.0,108,-,2.9,110/1,2024-01-04
452,2706,第一店,1.06,109,67.14,0.79,110/1,2024-01-04
453,2707,晶華,3.06,109,23.41,6.08,110/1,2024-01-04
454,2712,遠雄來,2.03,109,32.24,2.79,110/1,2024-01-04
455,2722,夏都,1.77,109,28.88,1.71,110/1,2024-01-04
456,2723,美食-KY,2.31,109,26.01,2.86,110/1,2024-01-04
457,2727,王品,3.02,109,16.65,3.22,110/1,2024-01-04
458,2731,雄獅,2.25,108,-,4.02,110/1,2024-01-04
459,2739,寒舍,4.26,108,-,1.83,110/1,2024-01-04
460,2748,雲品,2.48,109,23.54,2.39,110/1,2024-01-04
461,2801,彰銀,2.75,109,26.59,1.04,110/1,2024-01-04
462,2809,京城銀,4.49,109,6.40,0.93,110/1,2024-01-04
463,2812,台中銀,6.05,109,11.07,0.81,110/1,2024-01-04
464,2816,旺旺保,3.92,109,4.65,0.75,110/1,2024-01-04
465,2820,華票,5.44,109,12.31,0.84,110/1,2024-01-04
466,2823,中壽,3.27,109,5.53,0.73,110/1,2024-01-04
467,2832,台產,5.05,109,14.73,0.83,110/1,2024-01-04
468,2834,臺企銀,4.64,109,15.54,0.71,110/1,2024-01-04
469,2836,高雄銀,4.38,109,16.59,0.74,110/1,2024-01-04
470,2838,聯邦銀,5.43,109,9.51,0.63,110/1,2024-01-04
471,2841,台開,0.0,108,-,0.29,110/1,2024-01-04
472,2845,遠東銀,4.95,109,12.35,0.73,110/1,2024-01-04
473,2849,安泰銀,5.02,109,13.99,0.82,110/1,2024-01-04
474,2850,新產,4.92,109,6.62,0.9,110/1,2024-01-04
475,2851,中再保,5.11,109,8.11,1.06,110/1,2024-01-04
476,2852,第一保,2.69,109,9.92,0.57,110/1,2024-01-04
477,2855,統一證,7.2,109,6.75,1.21,110/1,2024-01-04
478,2867,三商壽,0.0,109,9.70,0.55,110/1,2024-01-04
479,2880,華南金,2.91,109,16.55,1.21,110/1,2024-01-04
480,2881,富邦金,4.12,109,7.10,1.03,110/1,2024-01-04
481,2882,國泰金,4.6,109,7.35,0.94,110/1,2024-01-04
482,2883,開發金,4.42,109,8.08,0.86,110/1,2024-01-04
483,2884,玉山金,4.75,109,17.25,1.72,110/1,2024-01-04
484,2885,元大金,4.71,109,10.54,1.19,110/1,2024-01-04
485,2886,兆豐金,4.8,109,15.25,1.36,110/1,2024-01-04
486,2887,台新金,6.67,109,10.82,0.94,110/1,2024-01-04
487,2888,新光金,4.11,109,7.54,0.56,110/1,2024-01-04
488,2889,國票金,6.13,109,11.32,1.23,110/1,2024-01-04
489,2890,永豐金,5.15,109,10.71,0.97,110/1,2024-01-04
490,2891,中信金,4.68,109,8.91,1.1,110/1,2024-01-04
491,2892,第一金,4.52,109,15.03,1.26,110/1,2024-01-04
492,2897,王道銀行,2.86,109,14.27,0.59,110/1,2024-01-04
493,2901,欣欣,0.64,109,148.16,2.38,110/1,2024-01-04
494,2903,遠百,4.88,109,12.39,0.98,110/1,2024-01-04
495,2904,匯僑,6.71,109,11.97,1.91,110/1,2024-01-04
496,2905,三商,4.42,109,10.18,0.96,110/1,2024-01-04
497,2906,高林,1.95,109,55.00,1.06,110/1,2024-01-04
498,2908,特力,4.09,109,13.69,2.03,110/1,2024-01-04
499,2910,統領,1.49,109,36.81,2.59,110/1,2024-01-04
500,2911,麗嬰房,0.0,108,-,0.82,110/1,2024-01-04
501,2912,統一超,3.41,109,26.40,7.17,110/1,2024-01-04
502,2913,農林,0.0,108,1060.00,1.06,110/1,2024-01-04
503,2915,潤泰全,6.03,109,3.79,0.53,110/1,2024-01-04
504,2923,鼎固-KY,4.4,109,20.07,0.87,110/1,2024-01-04
505,2929,淘帝-KY,9.24,108,-,0.59,110/1,2024-01-04
506,2936,客思達-KY,0.0,108,5.32,0.65,110/1,2024-01-04
507,2939,凱羿-KY,5.63,109,-,1.53,110/1,2024-01-04
508,3002,歐格,0.84,109,18.89,0.98,110/1,2024-01-04
509,3003,健和興,1.64,109,27.62,2.35,110/1,2024-01-04
510,3004,豐達科,0.79,109,-,1.81,110/1,2024-01-04
511,3005,神基,7.3,109,10.38,1.98,110/1,2024-01-04
512,3006,晶豪科,1.52,109,25.39,4.01,110/1,2024-01-04
513,3008,大立光,3.1,109,17.11,2.94,110/1,2024-01-04
514,3010,華立,5.08,109,8.63,1.31,110/1,2024-01-04
515,3011,今皓,0.0,108,-,0.96,110/1,2024-01-04
516,3013,晟銘電,2.31,109,35.14,0.85,110/1,2024-01-04
517,3014,聯陽,4.55,109,17.96,4.0,110/1,2024-01-04
518,3015,全漢,6.82,109,10.05,0.73,110/1,2024-01-04
519,3016,嘉晶,0.37,109,392.35,4.62,110/1,2024-01-04
520,3017,奇鋐,3.94,109,11.11,2.5,110/1,2024-01-04
521,3018,隆銘綠能,0.0,109,-,2.31,110/1,2024-01-04
522,3019,亞光,1.24,109,27.76,1.97,110/1,2024-01-04
523,3021,鴻名,3.37,109,14.31,1.6,110/1,2024-01-04
524,3022,威強電,4.04,109,8.33,1.11,110/1,2024-01-04
525,3023,信邦,2.35,109,27.71,6.36,110/1,2024-01-04
526,3024,憶聲,0.79,109,63.00,1.32,110/1,2024-01-04
527,3025,星通,4.09,109,46.13,2.08,110/1,2024-01-04
528,3026,禾伸堂,5.97,109,13.65,2.5,110/1,2024-01-04
529,3027,盛達,0.0,108,75.50,1.53,110/1,2024-01-04
530,3028,增你強,6.81,109,9.72,1.3,110/1,2024-01-04
531,3029,零壹,6.52,109,12.50,2.35,110/1,2024-01-04
532,3030,德律,5.79,109,12.05,2.25,110/1,2024-01-04
533,3031,佰鴻,4.28,109,18.70,1.19,110/1,2024-01-04
534,3032,偉訓,7.5,109,10.13,1.78,110/1,2024-01-04
535,3033,威健,5.59,109,9.98,1.5,110/1,2024-01-04
536,3034,聯詠,3.04,109,20.17,6.78,110/1,2024-01-04
537,3035,智原,1.43,109,43.63,2.63,110/1,2024-01-04
538,3036,文曄,5.95,109,10.63,1.05,110/1,2024-01-04
539,3037,欣興,1.1,109,25.66,3.69,110/1,2024-01-04
540,3038,全台,5.7,109,12.99,1.7,110/1,2024-01-04
541,3040,遠見,11.45,109,8.03,1.69,110/1,2024-01-04
542,3041,揚智,0.0,108,-,1.68,110/1,2024-01-04
543,3042,晶技,3.64,109,17.92,3.09,110/1,2024-01-04
544,3043,科風,0.0,108,-,8.0,110/1,2024-01-04
545,3044,健鼎,5.76,109,10.22,1.77,110/1,2024-01-04
546,3045,台灣大,4.2,109,26.69,4.22,110/1,2024-01-04
547,3046,建碁,0.0,108,-,2.72,110/1,2024-01-04
548,3047,訊舟,2.62,109,19.39,0.96,110/1,2024-01-04
549,3048,益登,8.57,109,8.66,1.89,110/1,2024-01-04
550,3049,精金,3.08,109,23.43,1.08,110/1,2024-01-04
551,3050,鈺德,4.15,109,14.17,0.91,110/1,2024-01-04
552,3051,力特,0.0,108,4.49,1.46,110/1,2024-01-04
553,3052,夆典,6.35,109,6.74,0.81,110/1,2024-01-04
554,3054,立萬利,0.0,108,140.31,1.98,110/1,2024-01-04
555,3055,蔚華科,0.68,109,-,1.26,110/1,2024-01-04
556,3056,富華新,7.72,109,5.33,1.37,110/1,2024-01-04
557,3057,喬鼎,0.0,108,-,1.63,110/1,2024-01-04
558,3058,立德,1.02,109,-,1.27,110/1,2024-01-04
559,3059,華晶科,1.41,109,59.17,1.14,110/1,2024-01-04
560,3060,銘異,0.0,108,-,1.35,110/1,2024-01-04
561,3062,建漢,0.82,109,260.71,1.11,110/1,2024-01-04
562,3090,日電貿,5.9,109,13.85,2.13,110/1,2024-01-04
563,3092,鴻碩,2.23,109,59.04,3.09,110/1,2024-01-04
564,3094,聯傑,2.39,109,54.92,2.58,110/1,2024-01-04
565,3130,一零四,4.71,109,18.27,3.51,110/1,2024-01-04
566,3138,耀登,0.86,109,77.27,8.27,110/1,2024-01-04
567,3149,正達,0.0,108,-,4.36,110/1,2024-01-04
568,3164,景岳,2.72,109,26.82,1.64,110/1,2024-01-04
569,3167,大量,4.62,109,10.71,2.42,110/1,2024-01-04
570,3189,景碩,0.82,109,75.94,2.15,110/1,2024-01-04
571,3209,全科,7.1,109,9.71,1.72,110/1,2024-01-04
572,3229,晟鈦,0.0,108,-,1.73,110/1,2024-01-04
573,3231,緯創,7.28,109,10.63,1.2,110/1,2024-01-04
574,3257,虹冠電,5.32,109,19.23,3.32,110/1,2024-01-04
575,3266,昇陽,4.1,108,25.96,0.84,110/1,2024-01-04
576,3296,勝德,1.13,109,54.86,1.38,110/1,2024-01-04
577,3305,昇貿,3.04,109,20.33,1.55,110/1,2024-01-04
578,3308,聯德,0.0,108,-,1.13,110/1,2024-01-04
579,3311,閎暉,0.0,108,45.69,0.94,110/1,2024-01-04
580,3312,弘憶股,4.93,109,10.68,1.64,110/1,2024-01-04
581,3321,同泰,0.0,108,-,2.29,110/1,2024-01-04
582,3338,泰碩,3.72,109,24.54,2.52,110/1,2024-01-04
583,3346,麗清,0.38,109,20.51,1.77,110/1,2024-01-04
584,3356,奇偶,3.53,109,16.29,1.42,110/1,2024-01-04
585,3376,新日興,6.33,109,12.43,1.33,110/1,2024-01-04
586,3380,明泰,3.59,109,18.82,1.53,110/1,2024-01-04
587,3383,新世紀,0.0,108,-,1.81,110/1,2024-01-04
588,3406,玉晶光,1.98,109,20.01,3.52,110/1,2024-01-04
589,3413,京鼎,3.07,109,15.42,3.22,110/1,2024-01-04
590,3416,融程電,5.4,109,18.81,2.34,110/1,2024-01-04
591,3419,譁裕,2.65,109,18.17,1.51,110/1,2024-01-04
592,3432,台端,1.92,109,28.37,0.55,110/1,2024-01-04
593,3437,榮創,0.0,108,94.17,1.49,110/1,2024-01-04
594,3443,創意,1.41,109,44.81,9.91,110/1,2024-01-04
595,3450,聯鈞,2.45,109,31.09,2.1,110/1,2024-01-04
596,3454,晶睿,2.53,109,31.94,2.32,110/1,2024-01-04
597,3481,群創,1.79,109,12.39,0.88,110/1,2024-01-04
598,3494,誠研,0.0,108,-,0.7,110/1,2024-01-04
599,3501,維熹,4.99,109,13.92,1.04,110/1,2024-01-04
600,3504,揚明光,0.0,108,-,2.76,110/1,2024-01-04
601,3515,華擎,4.73,109,12.17,3.17,110/1,2024-01-04
602,3518,柏騰,0.0,108,-,1.57,110/1,2024-01-04
603,3528,安馳,6.03,109,12.59,2.22,110/1,2024-01-04
604,3530,晶相光,1.65,109,36.80,5.64,110/1,2024-01-04
605,3532,台勝科,1.22,109,55.16,3.32,110/1,2024-01-04
606,3533,嘉澤,2.52,109,17.30,3.81,110/1,2024-01-04
607,3535,晶彩科,2.99,108,-,1.42,110/1,2024-01-04
608,3536,誠創,0.0,108,-,5.82,110/1,2024-01-04
609,3543,州巧,4.4,109,-,0.82,110/1,2024-01-04
610,3545,敦泰,1.34,109,29.04,6.0,110/1,2024-01-04
611,3550,聯穎,2.71,109,11.53,0.81,110/1,2024-01-04
612,3557,嘉威,6.97,109,9.18,3.99,110/1,2024-01-04
613,3563,牧德,5.01,109,16.49,4.6,110/1,2024-01-04
614,3576,聯合再生,0.0,109,-,2.52,110/1,2024-01-04
615,3583,辛耘,3.01,109,15.27,1.82,110/1,2024-01-04
616,3588,通嘉,1.18,109,50.98,3.28,110/1,2024-01-04
617,3591,艾笛森,1.72,109,27.43,0.91,110/1,2024-01-04
618,3593,力銘,0.0,108,15.16,2.18,110/1,2024-01-04
619,3596,智易,6.63,109,10.71,1.9,110/1,2024-01-04
620,3605,宏致,1.5,109,12.69,1.26,110/1,2024-01-04
621,3607,谷崧,0.0,108,-,0.67,110/1,2024-01-04
622,3617,碩天,6.49,109,13.62,1.61,110/1,2024-01-04
623,3622,洋華,3.12,109,21.69,1.01,110/1,2024-01-04
624,3645,達邁,3.26,109,14.92,2.09,110/1,2024-01-04
625,3653,健策,1.99,109,44.67,5.5,110/1,2024-01-04
626,3661,世芯-KY,1.29,109,35.09,3.74,110/1,2024-01-04
627,3665,貿聯-KY,3.51,109,16.51,2.43,110/1,2024-01-04
628,3669,圓展,6.0,109,7.88,2.28,110/1,2024-01-04
629,3673,TPK-KY,2.19,109,13.86,0.52,110/1,2024-01-04
630,3679,新至陞,7.14,109,9.73,1.88,110/1,2024-01-04
631,3682,亞太電,0.0,108,-,1.21,110/1,2024-01-04
632,3686,達能,0.0,108,-,2.34,110/1,2024-01-04
633,3694,海華,0.0,108,8.78,1.85,110/1,2024-01-04
634,3701,大眾控,0.0,108,57.00,1.27,110/1,2024-01-04
635,3702,大聯大,6.15,109,10.66,1.39,110/1,2024-01-04
636,3703,欣陸,5.69,109,12.18,0.86,110/1,2024-01-04
637,3704,合勤控,1.66,109,12.08,1.58,110/1,2024-01-04
638,3705,永信,4.61,109,16.44,1.77,110/1,2024-01-04
639,3706,神達,3.61,109,10.69,0.77,110/1,2024-01-04
640,3708,上緯投控,3.15,109,16.13,1.91,110/1,2024-01-04
641,3711,日月光投控,3.68,109,15.22,2.14,110/1,2024-01-04
642,3712,永崴投控,3.47,109,26.96,1.01,110/1,2024-01-04
643,3714,富采,0.0,108,-,1.03,110/1,2024-01-04
644,4104,佳醫,6.08,109,14.40,1.13,110/1,2024-01-04
645,4106,雃博,1.15,109,38.32,2.29,110/1,2024-01-04
646,4108,懷特,0.0,108,-,2.48,110/1,2024-01-04
647,4119,旭富,2.89,109,35.60,2.05,110/1,2024-01-04
648,4133,亞諾法,0.8,109,117.34,3.85,110/1,2024-01-04
649,4137,麗豐-KY,4.05,109,14.22,3.57,110/1,2024-01-04
650,4141,龍燈-KY,0.0,108,-,0.45,110/1,2024-01-04
651,4142,國光生,0.9,109,23.62,3.92,110/1,2024-01-04
652,4148,全宇生技-KY,2.92,109,16.13,1.16,110/1,2024-01-04
653,4155,訊映,5.56,109,21.00,1.45,110/1,2024-01-04
654,4164,承業醫,5.35,109,14.67,0.99,110/1,2024-01-04
655,4190,佐登-KY,3.95,109,13.43,2.17,110/1,2024-01-04
656,4306,炎洲,6.61,109,5.12,0.98,110/1,2024-01-04
657,4414,如興,0.0,108,-,0.8,110/1,2024-01-04
658,4426,利勤,4.92,108,-,1.38,110/1,2024-01-04
659,4438,廣越,2.49,109,27.52,2.03,110/1,2024-01-04
660,4439,冠星-KY,4.18,109,10.93,1.92,110/1,2024-01-04
661,4526,東台,1.3,108,-,0.82,110/1,2024-01-04
662,4532,瑞智,3.47,109,14.39,1.12,110/1,2024-01-04
663,4536,拓凱,3.25,109,16.63,2.52,110/1,2024-01-04
664,4540,全球傳動,1.56,109,41.97,1.57,110/1,2024-01-04
665,4545,銘鈺,2.06,109,36.01,1.21,110/1,2024-01-04
666,4551,智伸科,2.29,109,21.36,2.92,110/1,2024-01-04
667,4552,力達-KY,3.6,109,10.32,0.69,110/1,2024-01-04
668,4555,氣立,2.8,109,21.70,1.41,110/1,2024-01-04
669,4557,永新-KY,5.39,109,18.18,1.73,110/1,2024-01-04
670,4560,強信-KY,2.38,109,50.00,1.83,110/1,2024-01-04
671,4562,穎漢,0.0,108,-,1.46,110/1,2024-01-04
672,4564,元翎,2.93,109,25.37,1.91,110/1,2024-01-04
673,4566,時碩工業,2.62,109,33.43,1.34,110/1,2024-01-04
674,4571,鈞興-KY,2.62,109,18.38,3.45,110/1,2024-01-04
675,4572,駐龍,4.37,109,357.81,2.22,110/1,2024-01-04
676,4576,大銀微系統,0.33,109,78.62,4.1,110/1,2024-01-04
677,4581,光隆精密-KY,5.58,109,17.40,1.36,110/1,2024-01-04
678,4720,德淵,3.39,109,15.05,1.14,110/1,2024-01-04
679,4722,國精化,5.96,109,10.32,1.25,110/1,2024-01-04
680,4737,華廣,2.86,109,51.09,2.01,110/1,2024-01-04
681,4739,康普,1.58,109,31.40,1.93,110/1,2024-01-04
682,4746,台耀,0.0,108,6.52,1.58,110/1,2024-01-04
683,4755,三福化,4.76,109,15.48,1.72,110/1,2024-01-04
684,4763,材料-KY,6.33,109,12.02,3.55,110/1,2024-01-04
685,4764,雙鍵,1.73,109,47.69,1.98,110/1,2024-01-04
686,4766,南寶,4.64,109,14.18,1.6,110/1,2024-01-04
687,4807,日成-KY,2.09,109,18.42,1.02,110/1,2024-01-04
688,4904,遠傳,4.95,109,26.78,3.09,110/1,2024-01-04
689,4906,正文,6.67,109,6.62,0.99,110/1,2024-01-04
690,4912,聯德控股-KY,3.2,109,16.26,3.06,110/1,2024-01-04
691,4915,致伸,5.81,109,10.84,1.7,110/1,2024-01-04
692,4916,事欣科,2.16,109,-,1.53,110/1,2024-01-04
693,4919,新唐,1.02,109,38.53,2.55,110/1,2024-01-04
694,4927,泰鼎-KY,5.42,109,9.84,1.42,110/1,2024-01-04
695,4930,燦星網,14.03,109,8.79,0.99,110/1,2024-01-04
696,4934,太極,0.0,108,-,2.8,110/1,2024-01-04
697,4935,茂林-KY,5.47,109,8.33,1.74,110/1,2024-01-04
698,4938,和碩,6.19,109,8.30,1.26,110/1,2024-01-04
699,4942,嘉彰,5.66,109,7.92,0.82,110/1,2024-01-04
700,4943,康控-KY,0.13,109,-,2.53,110/1,2024-01-04
701,4952,凌通,4.39,109,16.58,2.7,110/1,2024-01-04
702,4956,光鋐,0.0,108,29.35,1.22,110/1,2024-01-04
703,4958,臻鼎-KY,4.69,109,11.10,1.22,110/1,2024-01-04
704,4960,誠美材,0.0,109,21.07,0.79,110/1,2024-01-04
705,4961,天鈺,0.77,109,38.92,8.86,110/1,2024-01-04
706,4967,十銓,1.76,109,31.68,2.64,110/1,2024-01-04
707,4968,立積,1.5,109,31.21,13.79,110/1,2024-01-04
708,4976,佳凌,0.0,108,832.00,5.93,110/1,2024-01-04
709,4977,眾達-KY,5.91,109,12.24,3.03,110/1,2024-01-04
710,4989,榮科,1.5,109,58.82,2.83,110/1,2024-01-04
711,4994,傳奇,4.66,109,21.54,3.95,110/1,2024-01-04
712,4999,鑫禾,6.24,109,8.19,1.06,110/1,2024-01-04
713,5007,三星,3.42,109,26.71,2.65,110/1,2024-01-04
714,5203,訊連,2.76,109,45.50,1.78,110/1,2024-01-04
715,5215,科嘉-KY,7.57,109,8.23,2.48,110/1,2024-01-04
716,5225,東科-KY,2.43,108,-,1.22,110/1,2024-01-04
717,5234,達興材料,5.68,109,14.55,2.95,110/1,2024-01-04
718,5243,乙盛-KY,2.86,109,20.63,1.67,110/1,2024-01-04
719,5258,虹堡,2.83,109,11.10,1.28,110/1,2024-01-04
720,5269,祥碩,1.7,109,30.99,7.38,110/1,2024-01-04
721,5283,禾聯碩,6.67,109,9.37,2.36,110/1,2024-01-04
722,5284,jpp-KY,4.9,109,16.44,1.04,110/1,2024-01-04
723,5285,界霖,3.24,109,31.90,3.3,110/1,2024-01-04
724,5288,豐祥-KY,2.92,109,15.32,3.04,110/1,2024-01-04
725,5388,中磊,4.02,109,16.85,2.01,110/1,2024-01-04
726,5434,崇越,6.53,109,10.76,2.33,110/1,2024-01-04
727,5469,瀚宇博,4.97,109,6.26,0.77,110/1,2024-01-04
728,5471,松翰,6.04,109,13.77,3.81,110/1,2024-01-04
729,5484,慧友,0.0,108,-,1.84,110/1,2024-01-04
730,5515,建國,6.08,109,8.65,0.72,110/1,2024-01-04
731,5519,隆大,8.14,109,11.05,1.09,110/1,2024-01-04
732,5521,工信,11.36,109,4.31,0.83,110/1,2024-01-04
733,5522,遠雄,7.89,109,10.18,1.12,110/1,2024-01-04
734,5525,順天,2.05,109,-,1.41,110/1,2024-01-04
735,5531,鄉林,0.0,108,86.33,1.14,110/1,2024-01-04
736,5533,皇鼎,3.77,109,11.78,0.6,110/1,2024-01-04
737,5534,長虹,6.49,109,11.77,1.21,110/1,2024-01-04
738,5538,東明-KY,4.15,109,10.72,1.68,110/1,2024-01-04
739,5546,永固-KY,7.81,109,8.70,1.87,110/1,2024-01-04
740,5607,遠雄港,3.49,109,15.68,1.37,110/1,2024-01-04
741,5608,四維航,0.0,108,-,2.98,110/1,2024-01-04
742,5706,鳳凰,0.74,109,42.68,2.22,110/1,2024-01-04
743,5871,中租-KY,2.71,109,17.37,3.1,110/1,2024-01-04
744,5876,上海商銀,3.78,109,14.80,1.26,110/1,2024-01-04
745,5880,合庫金,5.01,109,16.24,1.19,110/1,2024-01-04
746,5906,台南-KY,2.5,109,8.52,3.01,110/1,2024-01-04
747,5907,大洋-KY,5.08,109,246.25,0.45,110/1,2024-01-04
748,6005,群益證,6.57,109,6.37,0.97,110/1,2024-01-04
749,6024,群益期,7.16,109,13.69,1.29,110/1,2024-01-04
750,6108,競國,2.64,109,39.48,0.87,110/1,2024-01-04
751,6112,邁達特,6.0,109,12.02,1.97,110/1,2024-01-04
752,6115,鎰勝,6.39,109,14.46,1.69,110/1,2024-01-04
753,6116,彩晶,2.23,109,9.61,1.43,110/1,2024-01-04
754,6117,迎廣,0.0,108,-,1.24,110/1,2024-01-04
755,6120,達運,0.0,108,-,0.96,110/1,2024-01-04
756,6128,上福,4.0,109,20.00,0.99,110/1,2024-01-04
757,6133,金橋,2.8,108,89.40,0.78,110/1,2024-01-04
758,6136,富爾特,6.27,109,39.00,0.75,110/1,2024-01-04
759,6139,亞翔,3.42,109,15.78,0.86,110/1,2024-01-04
760,6141,柏承,1.8,109,8.49,1.41,110/1,2024-01-04
761,6142,友勁,0.0,108,-,1.53,110/1,2024-01-04
762,6152,百一,0.0,108,57.50,1.29,110/1,2024-01-04
763,6153,嘉聯益,1.74,109,16.72,1.01,110/1,2024-01-04
764,6155,鈞寶,2.94,109,48.21,1.54,110/1,2024-01-04
765,6164,華興,0.0,108,-,0.93,110/1,2024-01-04
766,6165,浪凡,0.0,108,22.00,3.17,110/1,2024-01-04
767,6166,凌華,1.57,109,86.99,3.06,110/1,2024-01-04
768,6168,宏齊,3.2,109,20.66,1.43,110/1,2024-01-04
769,6172,互億,0.56,109,61.72,3.26,110/1,2024-01-04
770,6176,瑞儀,6.9,109,8.73,1.75,110/1,2024-01-04
771,6177,達麗,0.69,109,-,2.0,110/1,2024-01-04
772,6183,關貿,3.61,109,18.52,3.19,110/1,2024-01-04
773,6184,大豐電,6.67,109,13.31,1.53,110/1,2024-01-04
774,6189,豐藝,6.96,109,11.73,1.75,110/1,2024-01-04
775,6191,精成科,2.48,109,7.07,1.02,110/1,2024-01-04
776,6192,巨路,4.74,109,10.20,1.53,110/1,2024-01-04
777,6196,帆宣,3.43,109,21.47,2.96,110/1,2024-01-04
778,6197,佳必琪,7.73,109,15.50,1.7,110/1,2024-01-04
779,6201,亞弘電,6.56,109,11.30,1.76,110/1,2024-01-04
780,6202,盛群,4.56,109,18.35,4.69,110/1,2024-01-04
781,6205,詮欣,5.0,109,14.63,1.15,110/1,2024-01-04
782,6206,飛捷,6.22,109,19.54,2.08,110/1,2024-01-04
783,6209,今國光,0.0,108,-,1.85,110/1,2024-01-04
784,6213,聯茂,3.79,109,15.00,3.15,110/1,2024-01-04
785,6214,精誠,5.71,109,10.28,1.54,110/1,2024-01-04
786,6215,和椿,2.19,109,10.39,1.47,110/1,2024-01-04
787,6216,居易,5.94,109,18.57,1.42,110/1,2024-01-04
788,6224,聚鼎,3.4,109,22.60,4.44,110/1,2024-01-04
789,6225,天瀚,0.0,108,-,32.5,110/1,2024-01-04
790,6226,光鼎,4.45,108,-,0.86,110/1,2024-01-04
791,6230,尼得科超眾,0.64,109,21.28,4.0,110/1,2024-01-04
792,6235,華孚,3.26,109,4.47,1.3,110/1,2024-01-04
793,6239,力成,4.83,109,11.87,1.68,110/1,2024-01-04
794,6243,迅杰,0.0,108,-,2.8,110/1,2024-01-04
795,6251,定穎,1.92,109,37.82,1.15,110/1,2024-01-04
796,6257,矽格,5.49,109,11.66,1.82,110/1,2024-01-04
797,6269,台郡,4.17,109,14.08,1.78,110/1,2024-01-04
798,6271,同欣電,3.08,109,19.26,1.47,110/1,2024-01-04
799,6277,宏正,6.52,109,7.36,2.21,110/1,2024-01-04
800,6278,台表科,2.7,109,14.66,2.57,110/1,2024-01-04
801,6281,全國電,6.08,109,13.58,2.97,110/1,2024-01-04
802,6282,康舒,4.51,109,9.96,1.37,110/1,2024-01-04
803,6283,淳安,0.0,108,-,3.66,110/1,2024-01-04
804,6285,啟碁,3.76,109,17.73,1.54,110/1,2024-01-04
805,6288,聯嘉,2.45,109,40.86,1.98,110/1,2024-01-04
806,6289,華上,0.0,108,-,42.57,110/1,2024-01-04
807,6405,悅城,1.96,109,11.95,1.01,110/1,2024-01-04
808,6409,旭隼,1.89,109,49.04,18.68,110/1,2024-01-04
809,6412,群電,5.87,109,10.27,3.08,110/1,2024-01-04
810,6414,樺漢,2.41,109,17.78,2.12,110/1,2024-01-04
811,6415,矽力*-KY,0.33,109,83.09,15.39,110/1,2024-01-04
812,6416,瑞祺電通,3.09,109,24.13,2.72,110/1,2024-01-04
813,6426,統新,3.1,109,30.19,2.25,110/1,2024-01-04
814,6431,光麗-KY,0.0,108,-,3.59,110/1,2024-01-04
815,6438,迅得,4.43,109,12.70,2.9,110/1,2024-01-04
816,6442,光聖,3.09,109,170.53,1.3,110/1,2024-01-04
817,6443,元晶,0.0,109,78.50,2.94,110/1,2024-01-04
818,6449,鈺邦,3.22,109,16.71,2.12,110/1,2024-01-04
819,6451,訊芯-KY,3.65,109,13.28,1.88,110/1,2024-01-04
820,6456,GIS-KY,3.86,109,9.08,1.26,110/1,2024-01-04
821,6464,台數科,2.91,109,12.79,1.87,110/1,2024-01-04
822,6477,安集,2.59,109,19.47,1.88,110/1,2024-01-04
823,6491,晶碩,0.9,109,45.87,8.71,110/1,2024-01-04
824,6504,南六,7.38,109,8.28,2.7,110/1,2024-01-04
825,6505,台塑化,0.54,109,29.65,3.16,110/1,2024-01-04
826,6515,穎崴,4.74,109,17.50,3.74,110/1,2024-01-04
827,6525,捷敏-KY,5.92,109,13.04,2.82,110/1,2024-01-04
828,6531,愛普*,0.77,109,42.76,13.9,110/1,2024-01-04
829,6533,晶心科,0.17,109,189.83,16.03,110/1,2024-01-04
830,6541,泰福-KY,0.0,108,-,8.32,110/1,2024-01-04
831,6552,易華電,2.93,109,24.73,1.71,110/1,2024-01-04
832,6558,興能高,0.8,109,26.70,2.34,110/1,2024-01-04
833,6573,虹揚-KY,0.0,108,-,1.18,110/1,2024-01-04
834,6579,研揚,4.48,109,21.90,1.26,110/1,2024-01-04
835,6581,鋼聯,4.09,109,17.09,2.48,110/1,2024-01-04
836,6582,申豐,3.41,109,11.55,5.25,110/1,2024-01-04
837,6591,動力-KY,4.07,109,9.45,1.49,110/1,2024-01-04
838,6592,和潤企業,4.23,109,15.46,1.91,110/1,2024-01-04
839,6598,ABC-KY,0.0,108,-,4.11,110/1,2024-01-04
840,6605,帝寶,2.44,109,14.40,0.7,110/1,2024-01-04
841,6625,必應,0.37,108,-,1.89,110/1,2024-01-04
842,6641,基士德-KY,6.7,109,9.66,1.73,110/1,2024-01-04
843,6655,科定,10.93,109,13.33,2.11,110/1,2024-01-04
844,6666,羅麗芬-KY,2.57,109,30.67,2.25,110/1,2024-01-04
845,6668,中揚光,1.72,109,42.48,2.43,110/1,2024-01-04
846,6669,緯穎,3.46,109,18.30,6.18,110/1,2024-01-04
847,6670,復盛應用,3.04,109,19.41,3.99,110/1,2024-01-04
848,6671,三能-KY,6.2,109,11.75,1.73,110/1,2024-01-04
849,6672,騰輝電子-KY,2.47,109,20.17,3.52,110/1,2024-01-04
850,6674,鋐寶科技,3.6,109,43.36,1.12,110/1,2024-01-04
851,6698,旭暉應材,1.24,109,72.23,2.18,110/1,2024-01-04
852,6706,惠特,2.27,109,28.65,3.8,110/1,2024-01-04
853,6715,嘉基,2.23,109,23.78,3.73,110/1,2024-01-04
854,6743,安普新,2.48,109,29.50,4.77,110/1,2024-01-04
855,6754,匯僑設計,6.07,109,13.13,1.53,110/1,2024-01-04
856,6756,威鋒電子,1.83,109,38.66,6.63,110/1,2024-01-04
857,6768,志強-KY,4.73,109,30.38,1.12,110/1,2024-01-04
858,6776,展碁國際,4.54,109,18.53,1.88,110/1,2024-01-04
859,6781,AES-KY,0.0,108,73.35,7.36,110/1,2024-01-04
860,8011,台通,0.0,108,-,0.85,110/1,2024-01-04
861,8016,矽創,2.57,109,18.63,5.35,110/1,2024-01-04
862,8021,尖點,3.94,109,16.17,1.26,110/1,2024-01-04
863,8028,昇陽半導體,1.33,109,49.56,2.56,110/1,2024-01-04
864,8033,雷虎,0.0,108,-,3.07,110/1,2024-01-04
865,8039,台虹,5.22,109,11.63,1.31,110/1,2024-01-04
866,8046,南電,0.94,109,48.85,6.89,110/1,2024-01-04
867,8070,長華*,3.97,109,20.47,2.91,110/1,2024-01-04
868,8072,陞泰,0.8,109,2500.00,0.92,110/1,2024-01-04
869,8081,致新,4.19,109,16.02,3.9,110/1,2024-01-04
870,8101,華冠,0.0,108,-,2.28,110/1,2024-01-04
871,8103,瀚荃,3.15,109,13.17,1.32,110/1,2024-01-04
872,8104,錸寶,6.24,109,11.89,1.56,110/1,2024-01-04
873,8105,凌巨,0.72,108,-,0.89,110/1,2024-01-04
874,8110,華東,1.26,109,19.33,0.65,110/1,2024-01-04
875,8112,至上,7.59,109,7.79,1.99,110/1,2024-01-04
876,8114,振樺電,2.09,109,36.53,2.06,110/1,2024-01-04
877,8131,福懋科,5.84,109,12.65,1.41,110/1,2024-01-04
878,8150,南茂,4.6,109,13.33,1.6,110/1,2024-01-04
879,8163,達方,5.88,109,11.85,1.34,110/1,2024-01-04
880,8201,無敵,0.0,108,-,1.13,110/1,2024-01-04
881,8210,勤誠,5.52,109,9.05,2.16,110/1,2024-01-04
882,8213,志超,7.04,109,9.30,1.02,110/1,2024-01-04
883,8215,明基材,2.7,109,15.73,1.85,110/1,2024-01-04
884,8222,寶一,3.11,108,-,1.2,110/1,2024-01-04
885,8249,菱光,5.94,109,11.53,0.76,110/1,2024-01-04
886,8261,富鼎,1.5,109,18.79,3.16,110/1,2024-01-04
887,8271,宇瞻,4.36,109,18.18,1.61,110/1,2024-01-04
888,8341,日友,3.85,109,24.18,7.04,110/1,2024-01-04
889,8367,建新國際,4.03,109,11.41,1.35,110/1,2024-01-04
890,8374,羅昇,1.99,109,26.88,1.67,110/1,2024-01-04
891,8404,百和興業-KY,2.07,109,21.76,2.78,110/1,2024-01-04
892,8411,福貞-KY,2.02,109,22.42,0.47,110/1,2024-01-04
893,8422,可寧衛,5.73,109,14.93,3.12,110/1,2024-01-04
894,8427,基勝-KY,0.73,108,-,1.36,110/1,2024-01-04
895,8429,金麗-KY,0.16,108,-,0.36,110/1,2024-01-04
896,8442,威宏-KY,0.77,108,-,1.45,110/1,2024-01-04
897,8443,阿瘦,1.33,109,-,0.61,110/1,2024-01-04
898,8454,富邦媒,0.91,109,81.03,24.07,110/1,2024-01-04
899,8462,柏文,4.46,109,27.72,4.71,110/1,2024-01-04
900,8463,潤泰材,2.14,109,27.31,2.23,110/1,2024-01-04
901,8464,億豐,2.48,109,22.49,7.13,110/1,2024-01-04
902,8466,美吉吉-KY,5.09,109,15.54,1.59,110/1,2024-01-04
903,8467,波力-KY,0.0,109,95.34,1.52,110/1,2024-01-04
904,8473,山林水,4.27,109,30.62,0.93,110/1,2024-01-04
905,8478,東哥遊艇,1.78,109,34.27,2.02,110/1,2024-01-04
906,8480,泰昇-KY,5.43,109,11.49,2.3,110/1,2024-01-04
907,8481,政伸,8.65,109,6.22,3.56,110/1,2024-01-04
908,8482,商億-KY,6.44,109,11.00,2.62,110/1,2024-01-04
909,8488,吉源-KY,2.0,109,12.00,0.4,110/1,2024-01-04
910,8499,鼎炫-KY,5.9,109,9.90,2.2,110/1,2024-01-04
911,8926,台汽電,4.93,109,23.80,1.84,110/1,2024-01-04
912,8940,新天地,0.0,108,-,1.1,110/1,2024-01-04
913,8996,高力,3.78,109,53.57,2.26,110/1,2024-01-04
914,9802,鈺齊-KY,3.21,109,25.32,2.59,110/1,2024-01-04
915,9902,台火,2.24,109,40.61,1.06,110/1,2024-01-04
916,9904,寶成,1.34,109,11.08,0.9,110/1,2024-01-04
917,9905,大華,5.74,109,12.95,1.08,110/1,2024-01-04
918,9906,欣巴巴,0.0,108,-,6.2,110/1,2024-01-04
919,9907,統一實,3.93,109,17.76,1.13,110/1,2024-01-04
920,9908,大台北,3.28,109,17.27,1.43,110/1,2024-01-04
921,9910,豐泰,1.55,109,40.00,11.06,110/1,2024-01-04
922,9911,櫻花,4.45,109,15.40,2.97,110/1,2024-01-04
923,9912,偉聯,0.0,108,-,1.19,110/1,2024-01-04
924,9914,美利達,2.27,109,19.69,5.4,110/1,2024-01-04
925,9917,中保科,5.45,109,16.55,3.41,110/1,2024-01-04
926,9918,欣天然,4.01,109,17.52,2.22,110/1,2024-01-04
927,9919,康那香,8.31,109,8.36,2.74,110/1,2024-01-04
928,9921,巨大,2.53,109,19.72,4.43,110/1,2024-01-04
929,9924,福興,5.82,109,10.04,1.4,110/1,2024-01-04
930,9925,新保,5.2,109,15.63,1.42,110/1,2024-01-04
931,9926,新海,3.76,109,19.14,2.49,110/1,2024-01-04
932,9927,泰銘,3.01,109,11.83,1.34,110/1,2024-01-04
933,9928,中視,0.0,108,-,2.06,110/1,2024-01-04
934,9929,秋雨,3.45,109,1.43,1.12,110/1,2024-01-04
935,9930,中聯資源,4.33,109,14.26,2.05,110/1,2024-01-04
936,9931,欣高,3.27,109,21.40,1.9,110/1,2024-01-04
937,9933,中鼎,5.29,109,34.05,1.78,110/1,2024-01-04
938,9934,成霖,2.98,109,14.48,1.09,110/1,2024-01-04
939,9935,慶豐富,3.98,109,8.63,1.68,110/1,2024-01-04
940,9937,全國,4.87,109,16.50,2.67,110/1,2024-01-04
941,9938,百和,3.12,109,17.93,3.03,110/1,2024-01-04
942,9939,宏全,5.07,109,10.92,1.67,110/1,2024-01-04
943,9940,信義,5.41,109,11.72,1.96,110/1,2024-01-04
944,9941,裕融,4.56,109,16.77,2.89,110/1,2024-01-04
945,9942,茂順,4.7,109,16.17,2.36,110/1,2024-01-04
946,9943,好樂迪,6.35,109,15.04,2.18,110/1,2024-01-04
947,9944,新麗,1.83,109,29.46,0.84,110/1,2024-01-04
948,9945,潤泰新,9.6,109,6.39,0.83,110/1,2024-01-04
949,9946,三發地產,5.39,109,92.81,0.72,110/1,2024-01-04
950,9955,佳龍,0.0,108,-,1.24,110/1,2024-01-04
951,9958,世紀鋼,3.24,109,26.73,3.95,110/1,2024-01-04
