縣市,鄉鎮市區,門市店名,門市店號,地址,緯度,經度
臺北市,中正區,台大門市,10000,臺北市中正區羅斯福路四段84號1樓+2樓,25.014,121.534745
臺北市,中正區,站前門市,10041,臺北市中正區忠孝西路一段49號地下B1(南港線台北車站５號販賣店),25.0463846,121.5178642
臺北市,中正區,北車門市,10041,臺北市中正區忠孝西路一段49號B3層,25.0463846,121.5178642
臺北市,中正區,風采門市,10043,臺北市中正區延平南路103號1~3樓,25.04209,121.509665
臺北市,中正區,新中正門市,10057,臺北市中正區信義路二段1號1、2樓,25.0354941,121.5248911
臺北市,中正區,寧波門市,10074,臺北市中正區寧波西街11號,25.0314235,121.5185738
臺北市,中正區,同安門市,10085,臺北市中正區同安街41之1號1樓,25.0247959,121.5224672
臺北市,大同區,南西門市,10345,臺北市大同區南京西路316號,25.053913,121.513
臺北市,大同區,保平門市,10348,臺北市大同區延平北路二段198號,25.058962,121.5113595
臺北市,大同區,承德門市,10351,臺北市大同區承德路一段29號、長安西路59號,25.0509259,121.5172961
臺北市,大同區,花博門市,10367,臺北市大同區酒泉街39號,25.0707171,121.5189354
臺北市,大同區,庫倫門市,10367,臺北市大同區庫倫街45號1樓+B1,25.0720579,121.5182934
臺北市,中山區,權站門市,10449,臺北市中山區民權西路４０號１樓.B１,25.0624859,121.521112
臺北市,中山區,林森門市,10450,臺北市中山區林森北路282號1樓,25.055624,121.5252812
臺北市,中山區,森北門市,10453,臺北市中山區林森北路426號,25.0599301,121.5253775
臺北市,中山區,新長順門市,10454,臺北市中山區林森北路111號1樓,25.0505356,121.5251244
臺北市,中山區,新松江門市,10456,臺北市中山區長安東路2段51號1樓,25.0485925,121.532439
臺北市,中山區,南京東門市,10457,臺北市中山區南京東路二段100號,25.0518004,121.5319889
臺北市,中山區,晴安門市,10460,臺北市中山區農安街14號1、B1,25.0648519,121.5244321
臺北市,中山區,北安門市,10463,臺北市中山區北安路616號1樓及608巷3號2F之,25.08238,121.54906
臺北市,中山區,薇閣門市,10466,臺北市中山區敬業三路１１號,25.0835286,121.5556427
臺北市,中山區,錦州門市,10467,臺北市中山區錦州街219號1樓,25.0604341,121.5321888
臺北市,中山區,吉林門市,10470,臺北市中山區農安街129號1樓,25.0649356,121.5300778
臺北市,中山區,龍江門市,10474,臺北市中山區龍江路334號1樓,25.0653928,121.5408779
臺北市,中山區,復錦門市,10476,臺北市中山區復興北路354號,25.0602595,121.5439216
臺北市,中山區,松錦門市,10483,臺北市中山區松江路307號1樓,25.0615051,121.533487
臺北市,中山區,興北門市,10487,臺北市中山區復興北路164號,25.0535134,121.5437149
臺北市,中山區,復興門市,10488,臺北市中山區復興北路62號,25.0504585,121.5438048
臺北市,松山區,西華門市,10546,臺北市松山區復興北路313巷30號1樓,25.0588119,121.5462564
臺北市,松山區,慶城門市,10547,臺北市松山區慶城街14號1樓,25.0531511,121.5451767
臺北市,松山區,松航門市(暫停營業中),10548,臺北市松山區敦化北路340-9號(松山機場國際松山機場國際航廈１樓,25.067566,121.552699
臺北市,松山區,敦北門市,10549,臺北市松山區敦化北路147號,25.0538751,121.5493551
臺北市,松山區,富有門市,10558,臺北市松山區八德路三段208號.210號,25.047831,121.556667
臺北市,松山區,新中崙門市,10559,臺北市松山區八德路三段二十之二號1樓B區,25.0489742,121.5569662
臺北市,松山區,新東興門市,10569,臺北市松山區南京東路五段264號1樓,25.0511413,121.5666575
臺北市,松山區,民生東門市,10576,臺北市松山區民生東路五段146號.146-1號.146-2號.146-3號,25.0584727,121.5620303
臺北市,松山區,新建華門市,10580,臺北市松山區南京東路四段137號1樓,25.0518257,121.5553378
臺北市,松山區,新東門市,10589,臺北市松山區民生東路五段236號,25.0588639,121.5661365
臺北市,松山區,吉祥門市,10597,臺北市松山區南京東路五段156號,25.0512231,121.5629085
臺北市,大安區,師大門市,10646,臺北市大安區師大路95號、97號,25.0229069,121.528491
臺北市,大安區,福運門市,10647,臺北市大安區羅斯福路三段297-4號1樓,25.017584,121.531774
臺北市,大安區,東門門市,10650,臺北市大安區信義路二段166號B1,25.0336009,121.5292686
臺北市,大安區,永康門市,10651,臺北市大安區永康街7之2號1樓,25.0331502,121.52992
臺北市,大安區,微風門市,10666,臺北市大安區復興南路一段125號1樓,25.0433357,121.5440383
臺北市,大安區,富運門市,10667,臺北市大安區復興南路二段279號,25.025515,121.5436754
臺北市,大安區,臥龍門市,10670,臺北市大安區和平東路3段7號1樓,25.024964,121.546937
臺北市,大安區,安居門市,10672,臺北市大安區安居街5號1樓,25.0211898,121.5552728
臺北市,大安區,新通化門市,10677,臺北市大安區通化街28號,25.0313158,121.5540701
臺北市,大安區,安和門市,10681,臺北市大安區信義路4段261號,25.033399,121.5539955
臺北市,大安區,大安門市,10683,臺北市大安區信義路四段54號1樓,25.0331519,121.5452453
臺北市,大安區,明曜門市,10686,臺北市大安區忠孝東路四段216巷32弄20號1樓,25.0398318,121.5519591
臺北市,大安區,東捷門市,10688,臺北市大安區大安路一段77號B1，店鋪編號7-1、7-2店面,25.0419764,121.5463539
臺北市,大安區,忠復門市,10691,臺北市大安區忠孝東路四段67號1樓及67號地下1樓,25.0418903,121.552855
臺北市,大安區,延吉門市,10692,臺北市大安區忠孝東路四段250號,25.0411499,121.554327
臺北市,萬華區,漢中門市,10842,臺北市萬華區漢中街47號1-3樓,25.044207,121.507549
臺北市,萬華區,成都門市,10845,臺北市萬華區成都路54號,25.0426052,121.5060156
臺北市,萬華區,西園門市,10864,臺北市萬華區西園路二段219號1樓,25.0270176,121.4941314
臺北市,萬華區,新青年門市,10876,臺北市萬華區青年路8號,25.026191,121.506185
臺北市,信義區,吳興門市,11041,臺北市信義區吳興街141號1樓,25.02943,121.561784
臺北市,信義區,北醫門市,11042,臺北市信義區吳興街265號1、2樓,25.026955,121.5638068
臺北市,信義區,微風南山,11047,臺北市信義區松智路17號B2,25.0343073,121.5659555
臺北市,信義區,莊敬門市,11050,臺北市信義區莊敬路466-1、466-2、472號,25.026595,121.5680641
臺北市,信義區,六張犁門市,11052,臺北市信義區基隆路二段201-1號1樓及崇德街＆崇德街３號,25.0245142,121.5531854
臺北市,信義區,新虎林門市,11061,臺北市信義區忠孝東路5段468號1、2樓,25.04066,121.576827
臺北市,信義區,永吉門市,11064,臺北市信義區永吉路30巷104號,25.043421,121.5686384
臺北市,信義區,時代門市,11065,臺北市信義區忠孝東路五段6號1樓、櫃位編號：丙,25.0406332,121.5650073
臺北市,信義區,遠東信義,11073,臺北市信義區松仁路58號 遠東百貨B3(216櫃),25.036882,121.5683138
臺北市,信義區,松捷門市,11088,臺北市信義區松山路11號(B1樓)B3B4櫃位,25.0491901,121.5782994
臺北市,信義區,松山門市,11088,臺北市信義區松山路105號,25.0478529,121.578009
臺北市,士林區,文大門市,11114,臺北市士林區華岡路55號(大忠館),25.1356066,121.5380431
臺北市,士林區,德行門市,11148,臺北市士林區德行東路109巷106號1樓,25.1110097,121.5288772
臺北市,士林區,天喜門市,11153,臺北市士林區天母東路19號.21號,25.1182166,121.5317412
臺北市,士林區,芝山門市,11158,臺北市士林區福華路164巷6號,25.1042621,121.5227731
臺北市,士林區,仕運門市,11163,臺北市士林區中正路235巷2號,25.0950274,121.5259493
臺北市,士林區,社子門市,11164,臺北市士林區社正路51號,25.0889863,121.5098384
臺北市,士林區,劍潭門市,11167,臺北市士林區劍潭路13號1樓,25.084209,121.523012
臺北市,北投區,光明門市,11246,臺北市北投區光明路29、31號,25.1326946,121.4992727
臺北市,北投區,新泉源門市,11252,臺北市北投區中和街294號1+2樓,25.140643,121.500198
臺北市,北投區,智行門市,11260,臺北市北投區知行路306號,25.1221836,121.4674004
臺北市,北投區,石牌門市,11267,臺北市北投區石牌路二段12號1、2、3樓,25.1154245,121.515627
臺北市,北投區,金賢門市,11275,臺北市北投區尊賢街232號.234號,25.1163217,121.5076898
臺北市,北投區,明德門市,11280,臺北市北投區明德路88號,25.1093515,121.5195639
臺北市,內湖區,麗山門市,11444,臺北市內湖區內湖路一段419號,25.0816265,121.5712755
臺北市,內湖區,新湖門市,11444,臺北市內湖區內湖路一段287號,25.0823473,121.5669674
臺北市,內湖區,麗湖門市,11447,臺北市內湖區內湖路一段737巷47號,25.0802885,121.579066
臺北市,內湖區,新大湖門市,11458,臺北市內湖區成功路四段372號,25.0848269,121.6005542
臺北市,內湖區,內湖成功門市,11460,臺北市內湖區成功路三段174巷10號1樓,25.0811297,121.5904058
臺北市,內湖區,新葫洲門市,11466,臺北市內湖區民權東路六段298號1.2樓;302號2樓;328號2樓,25.0727082,121.6054516
臺北市,內湖區,明湖門市,11487,臺北市內湖區東湖路47號1樓,25.0689053,121.6142201
臺北市,內湖區,文湖門市,11489,臺北市內湖區成功路四段56號1樓,25.0824382,121.5923796
臺北市,南港區,佳樂門市,11553,臺北市南港區南港路二段8、10號1、2樓,25.0543939,121.6059049
臺北市,南港區,聯運門市,11558,臺北市南港區忠孝東路六段446號1、2樓,25.0502135,121.5939889
臺北市,南港區,南港門市,11561,臺北市南港區忠孝東路七段371號B1,25.0519287,121.604662
臺北市,南港區,後山埤門市,11575,臺北市南港區忠孝東路六段8號1樓,25.0453665,121.5831192
臺北市,文山區,新政大門市,11651,臺北市文山區指南路二段79號1、2樓,24.9878905,121.5750816
臺北市,文山區,興隆門市,11661,臺北市文山區興隆路四段155號1樓,24.9846595,121.5617725
臺北市,文山區,新萬隆門市,11675,臺北市文山區羅斯福路五段238號1.2樓,,
臺北市,文山區,景運門市,11684,臺北市文山區景中街3號,24.993129,121.5415347
臺北市,文山區,萬芳門市,11695,臺北市文山區興隆路三段88號,24.9995993,121.5567291
新北市,板橋區,莒光門市,22041,新北市板橋區文化路二段76之2號,25.025073,121.469504
新北市,板橋區,新城門市,22041,新北市板橋區新站路28號B1(遠東百貨),25.013678,121.466442
新北市,板橋區,板高門市,22041,新北市板橋區縣民大道2段7號B1,25.0143985,121.4634922
新北市,板橋區,橋站門市,22041,新北市板橋區縣民大道2段7號B1(環球板橋店),25.01449,121.46384
新北市,板橋區,大翠運門市,22043,新北市板橋區雙十路二段142號,25.0292623,121.4735839
新北市,板橋區,民治門市,22045,新北市板橋區民治街125號1樓,25.0308562,121.4780867
新北市,板橋區,雙十門市,22046,新北市板橋區雙十路三段28號1樓,25.030964,121.471335
新北市,板橋區,埔運門市,22047,新北市板橋區文化路一段391號,25.0219689,121.467058
新北市,板橋區,新海門市,22051,新北市板橋區新海路94.96號,25.0248193,121.4597107
新北市,板橋區,亞東門市,22060,新北市板橋區南雅南路二段128號1、B1樓,24.9969807,121.4519363
新北市,板橋區,華德門市,22061,新北市板橋區四川路二段47巷1弄1號1樓,24.9950707,121.4541518
新北市,板橋區,慶達門市,22062,新北市板橋區國慶路147號,24.9961531,121.4613356
新北市,板橋區,板站門市,22063,新北市板橋區中山路一段13號1、2樓,25.0081596,121.4599648
新北市,板橋區,新遠板門市,22065,新北市板橋區中山路一段152號B1(295),25.0109601,121.4644536
新北市,汐止區,汐止門市,22147,新北市汐止區樟樹一路１３２號１樓,25.0645998,121.6422389
新北市,汐止區,北峰門市,22150,新北市汐止區福德一路262號1樓,25.0644669,121.6330044
新北市,汐止區,汐康門市,22157,新北市汐止區康寧街457號,25.0684569,121.6314963
新北市,汐止區,汐站門市,22165,新北市汐止區忠孝東路265號,25.0679845,121.6632423
新北市,汐止區,汐台門市,22167,新北市汐止區連興街22之1號 1-3樓,25.063749,121.655602
新北市,汐止區,汐成門市,22174,新北市汐止區建成路80號1、2樓,25.0732936,121.6627847
新北市,新店區,北新門市,23141,新北市新店區民權路39號1樓,24.982651,121.54057
新北市,新店區,新大坪門市,23141,新北市新店區民權路17號1號,24.98271,121.542106
新北市,新店區,新七張門市,23143,新北市新店區北新路二段101號,24.9744357,121.5426904
新北市,新店區,新興門市,23146,新北市新店區中正路31號,24.9695098,121.5450861
新北市,新店區,德運門市,23147,新北市新店區北新路一段307號,24.96784,121.541278
新北市,新店區,美新門市,23148,新北市新店區中正路213號,24.9728049,121.5397311
新北市,新店區,福民門市,23150,新北市新店區中央路147號1樓,24.973328,121.530176
新北市,永和區,永百門市,23444,新北市永和區中山路一段222、224號1、2樓,25.0082638,121.5081987
新北市,永和區,頂溪門市,23444,新北市永和區永和路二段243號.243-1號1樓.2樓,25.014831,121.5155562
新北市,永和區,頂運門市,23445,新北市永和區永和路二段116號,25.0119939,121.5151491
新北市,永和區,永和門市,23448,新北市永和區竹林路243號1樓.2樓;福和路174號1樓.2樓,25.0079608,121.5209473
新北市,永和區,得和門市,23453,新北市永和區得和路376號1樓,24.9992784,121.5246159
新北市,永和區,永鑽門市,23454,新北市永和區中正路338號1+2樓.得和路100號1+2樓.得和路102號1+2樓,25.0000702,121.5180036
新北市,中和區,新頂旺門市,23546,新北市中和區中山路三段122號（環球購物中心B1）,25.0071689,121.4748058
新北市,中和區,員山門市,23552,新北市中和區員山路325-3號1、2樓,25.0009245,121.4811328
新北市,中和區,新和運門市,23565,新北市中和區興南路一段55號之1,24.9901818,121.5107802
新北市,中和區,景新門市,23569,新北市中和區景新街440號,24.9881616,121.5131532
新北市,中和區,永安門市,23574,新北市中和區中和路362號1.2樓,25.0018098,121.5105202
新北市,中和區,永興門市,23575,新北市中和區中和路412號1+2樓,25.0030372,121.5114986
新北市,中和區,景和門市,23576,新北市中和區景安路162號一樓,24.9929304,121.5046764
新北市,中和區,景安門市,23582,新北市中和區景平路506、508號1樓,24.9938275,121.5039459
新北市,土城區,延安門市,23641,新北市土城區延吉街259號,24.9846991,121.4672794
新北市,土城區,新海山門市,23663,新北市土城區裕民路86、88號1-2樓,24.986958,121.450044
新北市,土城區,城美門市,23669,新北市土城區中央路二段181、183號1樓,24.975897,121.442229
新北市,土城區,永寧門市,23673,新北市土城區中央路三段108、110號,24.966526,121.435354
新北市,三峽區,北大門市,23741,新北市三峽區大學路152號.154號,24.9451113,121.3738399
新北市,三峽區,長峽門市,23741,新北市三峽區民生街106號1、2樓,24.935463,121.3736131
新北市,樹林區,樹運門市,23845,新北市樹林區博愛一街37號1樓,24.9909868,121.4259943
新北市,樹林區,樹站門市,23848,新北市樹林區後站街10號,24.9915246,121.4239295
新北市,樹林區,樹華門市,23860,新北市樹林區中華路130號1、2樓,24.980426,121.41716
新北市,鶯歌區,新鶯歌門市,23941,新北市鶯歌區建國路226、228號1+2樓,24.9516926,121.3427226
新北市,三重區,天台門市,24142,新北市三重區重新路2段78號1樓,25.0618238,121.4973065
新北市,三重區,菜寮門市,24143,新北市三重區重新路3段146、148號1樓,25.059502,121.491516
新北市,三重區,集美門市,24144,新北市三重區集美街204號,25.054038,121.491012
新北市,三重區,台北橋門市,24147,新北市三重區重新路2段5號1.2樓,25.062816,121.499078
新北市,三重區,長壽門市,24149,新北市三重區三和路二段75號1樓,25.0682005,121.499993
新北市,三重區,龍門門市,24149,新北市三重區仁愛街39、41號1+2樓,25.071656,121.476777
新北市,三重區,五華門市,24151,新北市三重區五華街126號,25.083335,121.4917547
新北市,三重區,三和門市,24152,新北市三重區三和路四段109號,25.077518,121.487339
新北市,三重區,溪尾門市,24155,新北市三重區溪尾街125號之A.之D,25.0797482,121.4895488
新北市,三重區,湯城門市,24159,新北市三重區重新路5段609巷10之5號,25.046589,121.468192
新北市,新莊區,新新莊門市,24243,新北市新莊區中正路164號1樓,25.0360173,121.4511569
新北市,新莊區,康莊門市,24249,新北市新莊區中平路301號1樓,25.0514281,121.4445656
新北市,新莊區,幸福門市,24249,新北市新莊區幸福路762號1、2樓,25.0491992,121.4472172
新北市,新莊區,昌平門市,24251,新北市新莊區中原路139號1&2樓,25.054103,121.454486
新北市,新莊區,福壽門市,24251,新北市新莊區福壽街88號1+2樓,25.049818,121.458442
新北市,新莊區,民安門市,24258,新北市新莊區民安路151號1、2樓,25.0214579,121.4277256
新北市,新莊區,西盛門市,24264,新北市新莊區民安西路135號一樓,25.0172422,121.426522
新北市,泰山區,新十八甲門市,24341,新北市泰山區全興路157號.159號.161號,25.0562773,121.4340941
新北市,林口區,新麗林門市,24443,新北市林口區竹林路46號一樓、二樓,25.0774318,121.387173
新北市,林口區,林口門市,24448,新北市林口區文化三路一段327 329號,25.0723754,121.3642844
新北市,林口區,未來門市,24449,新北市林口區仁愛路二段516號1樓,25.0777629,121.3736248
新北市,蘆洲區,義民門市,24741,新北市蘆洲區民族路126、128號1、2樓,25.085546,121.4790479
新北市,蘆洲區,三民門市,24744,新北市蘆洲區復興路76、78號,25.0865355,121.4751487
新北市,蘆洲區,蘆安門市,24763,新北市蘆洲區長安街123號,25.0812423,121.4609716
新北市,蘆洲區,長榮門市,24765,新北市蘆洲區長榮路418號1、2樓,25.0881905,121.4595578
新北市,五股區,五股門市,24870,新北市五股區成泰路二段 71、73號,25.08376,121.4379871
新北市,淡水區,淡大門市,25148,新北市淡水區北新路182巷5弄48號,25.1772878,121.4490527
新北市,淡水區,淡水門市,25158,新北市淡水區中正路131號,25.1703365,121.4393243
新北市,淡水區,淡捷門市,25158,新北市淡水區中正路1號(捷運淡水站1號販賣店),25.1681362,121.4454221
新北市,淡水區,馬偕門市,25160,新北市淡水區民生路56號,25.1378478,121.4620522
新北市,淡水區,美竹門市,25170,新北市淡水區民族路11號,25.1370443,121.4604213
新北市,淡水區,英專門市,25174,新北市淡水區英專路25號,25.169862,121.44545
新北市,淡水區,淡金門市,25174,新北市淡水區中山北路一段103號1、2樓,25.1765441,121.442453
基隆市,仁愛區,基隆港門市,20047,基隆市仁愛區愛三路118號B1-4F,25.1296239,121.7436702
基隆市,仁愛區,廟口門市,20048,基隆市仁愛區仁三路50號,25.1285686,121.7432905
基隆市,仁愛區,新仁一門市,20051,基隆市仁愛區仁一路165號1樓,25.1278249,121.751631
基隆市,七堵區,百福門市,20648,基隆市七堵區百三街57、59號1樓,25.0820145,121.6959076
宜蘭縣,宜蘭市,宜蘭門市,26044,宜蘭縣宜蘭市中山路三段21號1.2樓,24.7557945,121.7520907
宜蘭縣,礁溪鄉,礁溪門市,26248,宜蘭縣礁溪鄉德陽路25號,24.8276772,121.7727365
宜蘭縣,羅東鎮,宜興門市,26541,宜蘭縣羅東鎮興東路８－２號１－３樓,24.6773889,121.7684248
桃園市,中壢區,壢永門市,32059,桃園市中壢區福州二街396號1樓,24.9675867,121.2317222
桃園市,中壢區,內壢門市,32067,桃園市中壢區桃園縣中壢市忠孝路64、66號1、2樓,24.974196,121.2562561
桃園市,中壢區,中原門市,32081,桃園市中壢區桃園縣中壢市實踐路78號1樓,24.9553611,121.2409527
桃園市,中壢區,海華門市,32085,桃園市中壢區慈惠三街128號,24.964123,121.225933
桃園市,中壢區,海合門市,32085,桃園市中壢區桃園縣中壢市六合路76號1、2樓,24.9634412,121.2242766
桃園市,中壢區,龍東門市,32092,桃園市中壢區桃園縣中壢市龍東路215、217號,24.9302126,121.2534394
桃園市,中壢區,壢行藥局,32097,桃園市中壢區健行路198號(受託代銷),24.9478439,121.227783
桃園市,龍潭區,龍潭藥局,32552,桃園市龍潭區中正路180.182號(受託代銷),24.866656,121.2169139
桃園市,楊梅區,大成門市,32641,桃園市楊梅區大成路68號,24.9097811,121.1457208
桃園市,桃園區,桃佰門市,33041,桃園市桃園區中正路20號B1樓,24.9897388,121.3137948
桃園市,桃園區,桃中門市,33041,桃園市桃園區中正路40號,24.990413,121.313157
桃園市,桃園區,南平門市,33044,桃園市桃園區同安街442號1樓,25.0193079,121.3014957
桃園市,桃園區,藝文門市,33045,桃園市桃園區中正路1063號,25.0158133,121.2985025
桃園市,桃園區,新正昌門市,33047,桃園市桃園區中正路568號1樓,25.0038892,121.3053182
桃園市,桃園區,鑫業門市,33049,桃園市桃園區大業路一段132號,25.0066868,121.3165199
桃園市,桃園區,新龍安門市,33057,桃園市桃園區龍安街134號,24.9903312,121.2798213
桃園市,桃園區,國際門市,33072,桃園市桃園區國際路一段1193號,24.989392,121.288557
桃園市,龜山區,中興門市,33347,桃園市龜山區桃園縣龜山鄉中興路一段14.16號,24.9943172,121.3387797
桃園市,龜山區,長庚門市,33375,桃園市龜山區桃園縣龜山鄉復興一路78號1樓,25.0596617,121.3683839
桃園市,八德區,八德門市,33450,桃園市八德區介壽路一段836號1+2樓,24.9614501,121.2996426
桃園市,八德區,廣福藥局,33457,桃園市八德區廣福路30號1樓.2樓(受託代銷),24.9588164,121.2984167
桃園市,大溪區,新大溪門市,33542,桃園市大溪區慈湖路127號,24.8810869,121.288888
桃園市,大園區,二航門市(暫停營業中),33758,桃園市大園區航站南路9號 第二航廈北側擴建區5F-康是美,25.077012,121.231976
桃園市,蘆竹區,奉化門市,33845,桃園市蘆竹區忠孝西路202號1.2樓,25.0397349,121.2887979
桃園市,蘆竹區,南崁門市,33848,桃園市蘆竹區桃園縣蘆竹鄉南竹路一段66號1樓,25.0470825,121.291364
桃園市,蘆竹區,蘆竹門市,33850,桃園市蘆竹區中山路42號1、2樓,25.0534189,121.2999841
桃園市,蘆竹區,都會1號,33862,桃園市蘆竹區大竹路379 381 號1F,25.0203289,121.2649432
新竹市,東區,竹百門市,30041,新竹市東區西大路323號B1,24.8019347,120.9648374
新竹市,東區,風城門市,30043,新竹市東區民生路192號,24.8114006,120.976267
新竹市,東區,大新竹門市,30051,新竹市東區中正路19號1、2、3樓,24.8031001,120.970945
新竹市,東區,南大門市,30063,新竹市東區南大路615號,24.788147,120.96733
新竹市,東區,清華門市,30071,新竹市東區建功一路45-1號1、2樓,24.7979461,120.9977771
新竹市,東區,關埔門市,30072,新竹市東區埔頂二路105號,24.7918502,121.0114987
新竹市,東區,歐風1號,30072,新竹市東區關新路３６號,24.7857758,121.0188808
新竹市,東區,竹科門市,30080,新竹市東區金山街10號1樓.2樓,24.7782217,121.0198258
新竹市,香山區,新大庄門市,30093,新竹市香山區大庄路39 41號,24.7892101,120.9283427
新竹縣,竹北市,縣府門市,30251,新竹縣竹北市縣政九路145號1樓,24.827984,121.01012
新竹縣,竹北市,鐵家門市,30264,新竹縣竹北市自強南路211號1樓,24.8133693,121.0235778
新竹縣,竹北市,喜來登門市,30264,新竹縣竹北市十興里光明六路東一段241號,24.8207668,121.0265105
新竹縣,湖口鄉,湖口門市,30353,新竹縣湖口鄉仁和路123號1樓,24.87311,121.0146011
新竹縣,新豐鄉,新豐門市,30442,新竹縣新豐鄉建興路一段93之2號,24.8723543,120.9949136
新竹縣,竹東鎮,竹東門市,31048,新竹縣竹東鎮長春路三段34號1+2樓,24.7405056,121.086119
苗栗縣,竹南鎮,新竹南門市,35045,苗栗縣竹南鎮延平路105號1樓,24.6887716,120.8761054
苗栗縣,頭份市,頭份門市,35143,苗栗縣頭份市中正路121、123號1樓,24.686263,120.9095853
苗栗縣,苑裡鎮,新苑裡門市,35845,苗栗縣苑裡鎮和平路185號一樓.二樓,24.44202,120.651935
苗栗縣,苗栗市,新苗栗門市,36049,苗栗縣苗栗市光復路24號、26號,24.5526067,120.8164111
臺中市,中區,中站門市,40043,臺中市中區建國路137號1樓,24.1380009,120.684876
臺中市,東區,東英藥局,40147,臺中市東區十甲路450號(受託代銷),24.144252,120.709422
臺中市,南區,興大門市,40248,臺中市南區學府路48、50號,24.1251836,120.6752247
臺中市,西區,新美村門市,40345,臺中市西區美村路一段651、653號,24.1361106,120.6618758
臺中市,西區,向美門市,40351,臺中市西區美村路一段283號.285號.287號,,
臺中市,西區,健行門市,40353,臺中市西區健行路1042號,24.1567265,120.6631406
臺中市,西區,精誠門市,40360,臺中市西區精誠路15-1號1、2樓,24.1555802,120.6562748
臺中市,西區,廣三門市,40360,臺中市西區臺灣大道二段459號B1,24.1556104,120.6615703
臺中市,西區,超億門市,40360,臺中市西區公益路126號,24.1510213,120.6607368
臺中市,北區,新中友門市,40446,臺中市北區三民路3段161號B2樓B棟,24.1522173,120.6847829
臺中市,北區,北平二門市,40448,臺中市北區北平路二段161號.163號.165號.165-1號,24.1714152,120.6784346
臺中市,北區,北平門市,40448,臺中市北區北平路二段98號,24.1713825,120.6753852
臺中市,北區,中醫門市,40454,臺中市北區學士路95號(兒童醫療大樓一樓商,24.157001,120.6810349
臺中市,北區,進化門市,40457,臺中市北區進化北路306.308.310.312號,24.1632973,120.6822104
臺中市,北屯區,松安門市,40600,臺中市北屯區松竹路二段172號,24.1834463,120.6965138
臺中市,北屯區,興昌門市,40649,臺中市北屯區興安路一段289號,24.1730923,120.6942992
臺中市,北屯區,東軍門市,40663,臺中市北屯區東山路1段250-2號,24.1755678,120.7182714
臺中市,北屯區,東山藥局,40663,臺中市北屯區東山路一段320號;和福路258號部分(受託代銷),24.1758318,120.7229045
臺中市,西屯區,逢甲門市,40741,臺中市西屯區福星路297號,24.1819644,120.6451584
臺中市,西屯區,新逢星門市,40742,臺中市西屯區逢甲路28.30號1+2樓,24.1767649,120.641166
臺中市,西屯區,新漢門市,40746,臺中市西屯區漢口路二段142號1樓,24.1656954,120.663009
臺中市,西屯區,新百中門市,40756,臺中市西屯區臺灣大道二段251號10樓,24.16262,120.6497543
臺中市,西屯區,新大墩門市,40758,臺中市西屯區大墩路907、909號,24.156929,120.650229
臺中市,西屯區,中科門市,40762,臺中市西屯區西屯路3段150之38號,24.1860467,120.6229895
臺中市,南屯區,新黎明門市,40841,臺中市南屯區黎明路二段425號,24.1519355,120.6345641
臺中市,南屯區,金墩門市,40864,臺中市南屯區大墩路252號,24.142794,120.6500763
臺中市,南屯區,忠勇門市,40869,臺中市南屯區忠勇路105-27號1樓,24.151928,120.615458
臺中市,南屯區,向心門市,40876,臺中市南屯區向心南路967號1樓,24.136861,120.64376
臺中市,太平區,太平門市,41142,臺中市太平區中興路106、108號,24.127709,120.7164889
臺中市,太平區,樹孝門市,41169,臺中市太平區樹孝路69號一樓、二樓,24.1515548,120.7166971
臺中市,大里區,大買家門市,41245,臺中市大里區大明路315號1樓,24.1149773,120.6803573
臺中市,大里區,大里門市,41265,臺中市大里區東榮路36號,24.1102798,120.6882614
臺中市,大里區,楓康門市,41272,臺中市大里區成功路171號,24.0874451,120.702416
臺中市,霧峰區,霧峰門市,41341,臺中市霧峰區中正路854號,24.0630028,120.6985934
臺中市,烏日區,烏日門市,41443,臺中市烏日區仁德村中山路一段417號1、2樓,24.1076532,120.6381199
臺中市,豐原區,豐百門市,42043,臺中市豐原區復興路2號B1,24.2509879,120.7206061
臺中市,豐原區,豐原門市,42056,臺中市豐原區中正路120號1、2樓,24.251974,120.720455
臺中市,后里區,新后里門市,42144,臺中市后里區甲后路一段539號,24.3092918,120.7193633
臺中市,東勢區,東勢門市,42343,臺中市東勢區豐勢路391號1樓,24.2559559,120.8287829
臺中市,潭子區,潭子門市,42750,臺中市潭子區勝利路１８５號１樓,24.211175,120.7005335
臺中市,大雅區,大雅門市,42853,臺中市大雅區中清東路191號1、2樓,24.223954,120.6476003
臺中市,沙鹿區,靜宜門市,43342,臺中市沙鹿區北勢東路586、588、590號,24.2288205,120.5739776
臺中市,沙鹿區,沙鹿門市,43353,臺中市沙鹿區沙田路133號1樓,24.236255,120.559037
臺中市,龍井區,東海門市,43442,臺中市龍井區新興路20、20-1號1樓,24.1808666,120.5898007
臺中市,梧棲區,童綜合門市,43544,臺中市梧棲區臺灣大道8段699號B1,24.2469991,120.5423752
臺中市,清水區,清水門市,43653,臺中市清水區中山路106號1樓,24.267285,120.575009
臺中市,大甲區,新大甲門市,43745,臺中市大甲區順天里3鄰蔣公路136號1+2F,24.346172,120.6225621
彰化縣,彰化市,彰億門市,50043,彰化縣彰化市三民路305號,24.086188,120.54481
彰化縣,彰化市,彰和門市,50046,彰化縣彰化市和平路46號1、2樓,24.079824,120.540595
彰化縣,彰化市,曉陽藥局,50047,彰化縣彰化市西安里民族路２９１號(受託代銷),24.0726767,120.5391448
彰化縣,彰化市,大埔門市,50093,彰化縣彰化市大埔路540號,24.06522,120.542822
彰化縣,鹿港鎮,鹿港門市,50542,彰化縣鹿港鎮民權路87號,24.0576789,120.4371833
彰化縣,和美鎮,道周門市,50845,彰化縣和美鎮道周路407號一樓,24.1072691,120.4966522
彰化縣,和美鎮,和美門市,50861,彰化縣和美鎮彰美路五段355號1樓,24.1114725,120.4988958
彰化縣,員林市,員林門市,51041,彰化縣員林市民權街1號1樓,23.959245,120.571621
彰化縣,員林市,員大門市,51056,彰化縣員林市大同路一段455號1樓,23.9658775,120.5789842
彰化縣,溪湖鎮,溪湖藥局(暫停營業中),51442,彰化縣溪湖鎮西環路365號(受託代銷),23.9609838,120.4770978
彰化縣,北斗鎮,北斗門市,52145,彰化縣北斗鎮中華路270號1樓,23.8730888,120.5217816
南投縣,南投市,南投門市,54057,南投縣南投市三和三路37號,23.9049848,120.6870533
南投縣,草屯鎮,惠德門市,54263,南投縣草屯鎮太平路二段240.242號,23.9742381,120.6835194
南投縣,埔里鎮,埔里門市,54544,南投縣埔里鎮中正路393號1、2樓,23.964522,120.967834
嘉義市,西區,嘉圓門市,60041,嘉義市西區中山路319號,,
嘉義市,西區,嘉義門市,60043,嘉義市西區垂楊路742號1樓,23.4732419,120.4408617
嘉義市,西區,嘉文門市,60044,嘉義市西區文化路76號1+2樓,23.4762469,120.4500667
嘉義市,東區,耐斯門市,60080,嘉義市東區忠孝路600號B1櫃位,23.496455,120.452894
嘉義縣,朴子市,朴子門市,61341,嘉義縣朴子市海通路41-2、41-3號1樓,23.463702,120.2418675
雲林縣,虎尾鎮,虎尾藥局,63246,雲林縣虎尾鎮中正路258、258-1號(受託代銷),23.7054791,120.4305641
雲林縣,斗六市,上慶門市,64048,雲林縣斗六市漢口路165號.167號;慶生路25號,23.7125659,120.5398972
雲林縣,斗六市,斗金門市,64050,雲林縣斗六市大同路25號.29號,23.7105644,120.5418942
雲林縣,斗六市,雲斗門市,64050,雲林縣斗六市民生南路55號,23.7044763,120.5371966
臺南市,中西區,新天地門市,70051,臺南市中西區西門路一段658號B2,22.9868277,120.1977034
臺南市,東區,百成門市,70145,臺南市東區前鋒路210號B2F,22.9962855,120.2143075
臺南市,東區,鐵站門市,70145,臺南市東區北門路一段314號1、2樓,22.9964796,120.2121906
臺南市,東區,成大門市,70146,臺南市東區勝利路118號,22.9959131,120.218392
臺南市,東區,富農門市,70151,臺南市東區裕農路766號,22.9888341,120.238633
臺南市,東區,南紡門市,70155,臺南市東區中華東路一段366號B1,22.9907349,120.233097
臺南市,東區,崇學門市,70156,臺南市東區崇學路54號,22.978319,120.2220342
臺南市,東區,仁和門市,70158,臺南市東區仁和路120號,22.9712415,120.2331141
臺南市,東區,崇義門市,70173,臺南市東區崇德路616號,22.9707303,120.2272691
臺南市,南區,金典門市,70260,臺南市南區金華路二段59號,22.9783843,120.1910731
臺南市,南區,新德門市,70263,臺南市南區大同路二段114號,22.9798038,120.2125603
臺南市,北區,開元門市,70463,臺南市北區開元路302號1樓,23.0089773,120.2232463
臺南市,北區,和緯藥局,70465,臺南市北區和緯路二段238號(受託代銷),23.012326,120.2066598
臺南市,安平區,安平門市,70848,臺南市安平區永華路二段760號1+2樓,22.9912546,120.1713051
臺南市,安南區,海佃門市,70970,臺南市安南區海佃路一段126號,23.0230551,120.1920133
臺南市,永康區,奇美門市,71067,臺南市永康區大武街34號1-2樓,23.0200537,120.2227733
臺南市,永康區,中華門市,71069,臺南市永康區中華路96號,23.0025844,120.2354184
臺南市,永康區,統強門市,71071,臺南市永康區正強街207號,23.0289428,120.251576
臺南市,永康區,新家專門市,71082,臺南市永康區中正路561號1.2樓,23.0399183,120.2385334
臺南市,永康區,康南門市,71084,臺南市永康區中華路249號,23.0061227,120.2349781
臺南市,永康區,康國門市,71085,臺南市永康區復國一路417號1樓,23.0136901,120.245851
臺南市,歸仁區,歸鑫門市,71143,臺南市歸仁區中山路一段575號,22.9663794,120.2959867
臺南市,歸仁區,歸仁門市,71148,臺南市歸仁區民權北路35號,22.9681827,120.2877885
臺南市,新化區,新化門市,71243,臺南市新化區中山路241號,23.0359011,120.308394
臺南市,仁德區,嘉藥門市,71755,臺南市仁德區二仁路一段161、163號,22.9205641,120.2248339
臺南市,佳里區,新佳里門市,72241,臺南市佳里區延平路233路,23.159792,120.178389
臺南市,新營區,新營門市,73042,臺南市新營區民權路6、8號,23.3030457,120.3134365
臺南市,善化區,善化門市,74151,臺南市善化區中正路474.474-1.474-2號一樓,23.1315247,120.2939903
臺南市,新市區,新市門市,74447,臺南市新市區中正路222號1.2樓,23.0756765,120.2916749
高雄市,新興區,六合門市,80049,高雄市新興區六合二路1號一樓,22.6327527,120.3015996
高雄市,苓雅區,文橫門市,80241,高雄市苓雅區文橫二路41號,22.6165481,120.3060651
高雄市,苓雅區,美港門市,80247,高雄市苓雅區三多四路106號自強三路52號、自強三路54號,22.612763,120.301021
高雄市,苓雅區,新美都門市,80247,高雄市苓雅區三多四路21號地下一樓,22.6130137,120.3043672
高雄市,苓雅區,雄文門市(暫停營業中),80265,高雄市苓雅區廣州一街143-7號1樓.2樓,22.6253748,120.3165724
高雄市,鹽埕區,駁二門市,80343,高雄市鹽埕區大勇路2之1號,22.6197885,120.2818786
高雄市,鹽埕區,福王門市,80344,高雄市鹽埕區五福四路92、94號,22.622138,120.286755
高雄市,鼓山區,高雄港門市,80441,高雄市鼓山區蓬萊路17號、19號(棧貳庫2116及2212號櫃位),22.6189878,120.2770972
高雄市,鼓山區,華榮門市,80454,高雄市鼓山區華榮路203號1-2樓,22.6654887,120.2968057
高雄市,鼓山區,美術東門市,80457,高雄市鼓山區美術東五路６６號,22.6590081,120.2939413
高雄市,鼓山區,美景門市,80460,高雄市鼓山區美術東二路5號1樓,22.6516658,120.287698
高雄市,鼓山區,博華門市,80467,高雄市鼓山區博愛二路343號,22.6633396,120.3030109
高雄市,前鎮區,二聖門市,80649,高雄市前鎮區二聖一路82號1樓,22.612153,120.3246872
高雄市,前鎮區,美越門市,80655,高雄市前鎮區一心二路202號1+2樓,22.613041,120.306951
高雄市,前鎮區,夢時代門市,80661,高雄市前鎮區中華五路789號7樓,22.5949041,120.3066113
高雄市,前鎮區,時尚1號,80661,高雄市前鎮區中華五路789號B1,22.5949041,120.3066113
高雄市,三民區,高捷門市,80750,高雄市三民區建國二路320號地下二層,22.6379834,120.302821
高雄市,三民區,十全門市,80752,高雄市三民區十全一路219號,22.6449455,120.30725
高雄市,三民區,大昌門市,80776,高雄市三民區大昌二路231號,22.6466238,120.331817
高雄市,三民區,建高門市,80778,高雄市三民區建工路625、625-1、625-2號1樓,22.6482032,120.3188902
高雄市,三民區,河堤門市,80794,高雄市三民區明仁路8號1樓,22.6603114,120.3141909
高雄市,楠梓區,後昌門市,81142,高雄市楠梓區後昌路856號1+2樓,22.711998,120.294909
高雄市,楠梓區,德賢門市,81154,高雄市楠梓區德賢路473號1樓,22.7260471,120.3030659
高雄市,楠梓區,摩登1號,81162,高雄市楠梓區建楠路166號一樓,22.727146,120.326449
高雄市,小港區,新小港門市,81256,高雄市小港區漢民路311號,22.5669798,120.3543852
高雄市,左營區,左冠門市,81354,高雄市左營區站前北路1號2樓,22.6875442,120.3067878
高雄市,左營區,新光門市,81361,高雄市左營區高鐵路123號B2,22.6884719,120.3100475
高雄市,左營區,彩虹門市,81361,高雄市左營區高鐵路115號1樓,22.6877345,120.3094095
高雄市,左營區,高榮門市,81362,高雄市左營區榮總路181號,22.681093,120.321553
高雄市,左營區,裕誠門市,81366,高雄市左營區裕誠路426號1、2樓,22.665888,120.305409
高雄市,仁武區,仁雄門市,81455,高雄市仁武區仁雄路92-1號,22.6769947,120.3434303
高雄市,岡山區,新岡山門市,82042,高雄市岡山區壽天路117號1樓,22.7944149,120.291069
高雄市,路竹區,新路竹門市,82143,高雄市路竹區大社路91號.93號,22.8636587,120.2624937
高雄市,燕巢區,義聯門市,82445,高雄市燕巢區義大路1號B1,22.7659067,120.3643555
高雄市,鳳山區,鳳翔門市,83011,高雄市鳳山區中山路124號1、2樓,22.6232477,120.3576681
高雄市,鳳山區,鳳揚門市,83048,高雄市鳳山區文衡路379號,22.6406688,120.3508529
高雄市,鳳山區,鳳青門市,83053,高雄市鳳山區青年路二段455號1樓,22.6450377,120.3501743
高雄市,鳳山區,五甲門市,83071,高雄市鳳山區五甲二路754號.756號1+2樓,22.5936855,120.3285487
高雄市,鳳山區,鳳甲門市,83075,高雄市鳳山區新富路452號,22.6130427,120.3461813
高雄市,鳳山區,超聯門市,83078,高雄市鳳山區海洋一路33號,22.6098943,120.3425349
高雄市,大寮區,大發門市,83155,高雄市大寮區鳳林三路438號,22.6042995,120.3959738
高雄市,林園區,新林園門市,83248,高雄市林園區東林西路99號、101號,22.5036676,120.3931342
高雄市,鳥松區,本館門市,83316,高雄市鳥松區本館路391之3號,22.654758,120.3367714
屏東縣,屏東市,屏廣門市,90051,屏東縣屏東市廣東路66號1+2樓,22.6712432,120.4991866
屏東縣,屏東市,屏豐門市,90074,屏東縣屏東市中正路72號地下一樓,22.6742434,120.4898241
屏東縣,內埔鄉,內埔門市,91248,屏東縣內埔鄉廣濟路111號1樓,22.611499,120.566139
屏東縣,潮州鎮,潮州門市,92046,屏東縣潮州鎮新生路40號1樓,22.5478909,120.5380679
屏東縣,東港鎮,新東港門市,92843,屏東縣東港鎮中正路135號,22.467661,120.4502173
屏東縣,恆春鎮,墾丁門市,94644,屏東縣恆春鎮墾丁路165號,21.9450971,120.7985971
臺東縣,臺東市,台東門市,95042,臺東縣臺東市中華路一段405、407號1、2樓,22.7535515,121.1525857
臺東縣,臺東市,東昇門市,95053,臺東縣臺東市新生路207號1樓,22.7557777,121.1443548
花蓮縣,花蓮市,國聯門市,97050,花蓮縣花蓮市國聯五路100號,23.9917077,121.6054294
花蓮縣,花蓮市,蓮冠門市,97053,花蓮縣花蓮市中山路549-1號,23.9869617,121.6013749
花蓮縣,花蓮市,花蓮門市,97061,花蓮縣花蓮市中正路546、548號1、2樓,23.9778231,121.608452
花蓮縣,吉安鄉,吉安門市,97365,花蓮縣吉安鄉中山路3段16.18.20號,23.973865,121.57841
澎湖縣,馬公市,澎湖門市,88041,澎湖縣馬公市中正路83號1、2樓,23.5668993,119.5653851
澎湖縣,馬公市,北辰門市,88048,澎湖縣馬公市中華路61之4號,23.5701424,119.5710931
金門縣,金寧鄉,金采門市,89248,金門縣金寧鄉伯玉路一段222-1號,24.4356619,118.3274452
金門縣,金城鎮,金門門市,89345,金門縣金城鎮民族路7-5、7-7、7-9號1樓,24.4310219,118.3213428
